{"accentThemeId":103,"bottomSheetFullScreen":false,"bottomSheetLayout":null,"bottomSheetMarginTop":0,"bottomSheetPeekHeight":0,"lastViewIndex":10,"layout":{"children":[{"children":[{"children":[{"children":null,"properties":{"LAYOUT_MIN_WIDTH":0,"VIEW_CLASS_NAME":"com.crane.mockapp.core.MockApp$MenuItem","BACKGROUND_COLOR":["com.crane.mockapp.core.model.theme.ThemeModelColor","TRANSPARENT"],"VIEW_ID":"Item4","TEXT":"Item4","LAYOUT_WIDTH":-2,"LAYOUT_MIN_HEIGHT":0,"LAYOUT_HEIGHT":-2}},{"children":null,"properties":{"LAYOUT_MIN_WIDTH":0,"VIEW_CLASS_NAME":"com.crane.mockapp.core.MockApp$MenuItem","BACKGROUND_COLOR":["com.crane.mockapp.core.model.theme.ThemeModelColor","TRANSPARENT"],"VIEW_ID":"Item5","TEXT":"Item5","LAYOUT_WIDTH":-2,"LAYOUT_MIN_HEIGHT":0,"LAYOUT_HEIGHT":-2}}],"properties":{"ELEVATION":12,"TOOLBAR_TITLE_TEXT_COLOR":["com.crane.mockapp.core.model.theme.ThemeModelColor","TEXT_PRIMARY"],"VIEW_ID":"Toolbar3","LAYOUT_WIDTH":-1,"LAYOUT_MIN_HEIGHT":56,"TOOLBAR_SUBTITLE_TEXT_COLOR":["com.crane.mockapp.core.model.theme.ThemeModelColor","TEXT_SECONDARY"],"LAYOUT_HEIGHT":56,"LAYOUT_MIN_WIDTH":24,"VIEW_CLASS_NAME":"androidx.appcompat.widget.Toolbar","OUTLINE_CLIP_TO_PADDING":false,"TOOLBAR_ACTION_ICON_COLOR":["com.crane.mockapp.core.model.theme.ThemeModelColor","ICON_ACTIVE"],"BACKGROUND_COLOR":["com.crane.mockapp.core.model.theme.ThemeModelColor","P500"],"TOOLBAR_ACTION_TEXT_COLOR":["com.crane.mockapp.core.model.theme.ThemeModelColor","TEXT_PRIMARY"]}},{"children":[{"children":null,"properties":{"LAYOUT_MIN_WIDTH":0,"VIEW_CLASS_NAME":"com.crane.mockapp.core.MockApp$Tab","BACKGROUND_COLOR":["com.crane.mockapp.core.model.theme.ThemeModelColor","TRANSPARENT"],"VIEW_ID":"Tab7","TEXT":"Tab7","LAYOUT_WIDTH":-2,"LAYOUT_MIN_HEIGHT":0,"LAYOUT_HEIGHT":-2}},{"children":null,"properties":{"LAYOUT_MIN_WIDTH":0,"VIEW_CLASS_NAME":"com.crane.mockapp.core.MockApp$Tab","BACKGROUND_COLOR":["com.crane.mockapp.core.model.theme.ThemeModelColor","TRANSPARENT"],"VIEW_ID":"Tab8","TEXT":"Tab8","LAYOUT_WIDTH":-2,"LAYOUT_MIN_HEIGHT":0,"LAYOUT_HEIGHT":-2}},{"children":null,"properties":{"LAYOUT_MIN_WIDTH":0,"VIEW_CLASS_NAME":"com.crane.mockapp.core.MockApp$Tab","BACKGROUND_COLOR":["com.crane.mockapp.core.model.theme.ThemeModelColor","TRANSPARENT"],"VIEW_ID":"Tab9","TEXT":"Tab9","LAYOUT_WIDTH":-2,"LAYOUT_MIN_HEIGHT":0,"LAYOUT_HEIGHT":-2}}],"properties":{"SCROLL_FLAGS":0,"VIEW_ID":"Tabs6","LAYOUT_WIDTH":-1,"LAYOUT_MIN_HEIGHT":0,"LAYOUT_HEIGHT":-2,"LAYOUT_MIN_WIDTH":0,"TAB_LAYOUT_INDICATOR_HEIGHT":2,"VIEW_CLASS_NAME":"com.google.android.material.tabs.TabLayout","OUTLINE_CLIP_TO_PADDING":false,"TAB_LAYOUT_INDICATOR_COLOR":["com.crane.mockapp.core.model.theme.ThemeModelColor","A400"],"BACKGROUND_COLOR":["com.crane.mockapp.core.model.theme.ThemeModelColor","P500"],"TAB_LAYOUT_TEXT_COLORS":["[Lcom.crane.mockapp.core.model.theme.ThemeModelColor;",["TEXT_PRIMARY","TEXT_SECONDARY"]],"TAB_LAYOUT_TAB_MODE":1}}],"properties":{"LAYOUT_MIN_WIDTH":0,"VIEW_CLASS_NAME":"com.google.android.material.appbar.AppBarLayout","OUTLINE_CLIP_TO_PADDING":false,"BACKGROUND_COLOR":["com.crane.mockapp.core.model.theme.ThemeModelColor","TRANSPARENT"],"VIEW_ID":"AppBar2","LAYOUT_WIDTH":-1,"LAYOUT_MIN_HEIGHT":0,"LAYOUT_HEIGHT":-2}},{"children":null,"properties":{"OUTLINE_CLIP_TO_OUTLINE":true,"RECYCLER_VIEW_ITEM_COUNT":35,"RECYCLER_VIEW_LAYOUT_SPANS":1,"OUTLINE_ENABLED":true,"VIEW_ID":"Recycler10","LAYOUT_MIN_HEIGHT":0,"LAYOUT_BEHAVIOR":"com.crane.mockapp.core.FixedScrollingViewBehavior","LAYOUT_WIDTH":-1,"LAYOUT_HEIGHT":-1,"LAYOUT_MIN_WIDTH":0,"VIEW_CLASS_NAME":"androidx.recyclerview.widget.RecyclerView","OUTLINE_CLIP_TO_PADDING":false,"BACKGROUND_COLOR":["com.crane.mockapp.core.model.theme.ThemeModelColor","TRANSPARENT"],"RECYCLER_VIEW_ITEM_LAYOUT":{"@class":"com.crane.mockapp.core.model.layouts.PropLayoutValue","projectId":"5912a867-049f-4b2f-8f41-bd0b249295a7","layoutId":"a349e354-6727-4431-88a2-15b0318fed8e"}}}],"properties":{"LAYOUT_MIN_WIDTH":0,"VIEW_CLASS_NAME":"androidx.coordinatorlayout.widget.CoordinatorLayout","OUTLINE_CLIP_TO_PADDING":false,"BACKGROUND_COLOR":["com.crane.mockapp.core.model.theme.ThemeModelColor","TRANSPARENT"],"VIEW_ID":"Coordinator1","LAYOUT_WIDTH":-1,"LAYOUT_MIN_HEIGHT":0,"LAYOUT_HEIGHT":-1}},"layoutFullScreen":false,"navDrawerLayout":null,"onBottomSheetCollapsed":null,"onBottomSheetExpanded":null,"primaryThemeId":108,"statusBarColor":"P700","statusBarColorAlpha":100,"statusBarLight":false,"statusBarVisible":true}