{"accentThemeId":103,"bottomSheetFullScreen":false,"bottomSheetLayout":null,"bottomSheetMarginTop":0,"bottomSheetPeekHeight":0,"lastViewIndex":5,"layout":{"children":[{"children":null,"properties":{"TEXT_MIN_LINES":1,"OUTLINE_CLIP_TO_OUTLINE":true,"PADDING_TOP":16,"ELEVATION":3,"TEXT_SIZE":18,"OUTLINE_ENABLED":true,"VIEW_ID":"Text2","LAYOUT_MIN_HEIGHT":0,"LAYOUT_WIDTH":-1,"PADDING_END":16,"LAYOUT_HEIGHT":-2,"LAYOUT_MIN_WIDTH":0,"PADDING_BOTTOM":16,"TEXT_COLOR_HINT":["com.crane.mockapp.core.model.theme.ThemeModelColorHint","AUTO"],"VIEW_CLASS_NAME":"android.widget.TextView","TEXT_MAX_LINES":20,"TEXT_STYLE":1,"PADDING_START":16,"BACKGROUND_COLOR":["com.crane.mockapp.core.model.theme.ThemeModelColor","White"],"TEXT":"Lorem ipsum dolor","TEXT_COLOR":["com.crane.mockapp.core.model.theme.ThemeModelColor","TEXT_PRIMARY"]}},{"children":null,"properties":{"RECYCLER_VIEW_ITEM_PADDING_TOP":16,"RECYCLER_VIEW_ITEM_PADDING_BOTTOM":16,"RECYCLER_VIEW_ITEM_PADDING_RIGHT":16,"RECYCLER_VIEW_ITEM_COUNT":33,"RECYCLER_VIEW_LAYOUT_SPANS":3,"RECYCLER_VIEW_ITEM_PADDING":16,"RECYCLER_VIEW_ITEM_PADDING_LEFT":16,"VIEW_ID":"Recycler5","LAYOUT_MIN_HEIGHT":0,"LAYOUT_WIDTH":-1,"LAYOUT_HEIGHT":-1,"LAYOUT_MIN_WIDTH":0,"VIEW_CLASS_NAME":"androidx.recyclerview.widget.RecyclerView","OUTLINE_CLIP_TO_PADDING":false,"BACKGROUND_COLOR":["com.crane.mockapp.core.model.theme.ThemeModelColor","TRANSPARENT"],"RECYCLER_VIEW_ITEM_LAYOUT":{"@class":"com.crane.mockapp.core.model.layouts.PropLayoutValue","projectId":"5912a867-049f-4b2f-8f41-bd0b249295a7","layoutId":"a349e354-6727-4431-88a2-15b0318fed8e"}}}],"properties":{"LAYOUT_MIN_WIDTH":0,"VIEW_CLASS_NAME":"android.widget.LinearLayout","OUTLINE_CLIP_TO_PADDING":false,"LAYOUT_ORIENTATION":1,"BACKGROUND_COLOR":["com.crane.mockapp.core.model.theme.ThemeModelColor","TRANSPARENT"],"VIEW_ID":"Linear1","LAYOUT_WIDTH":-1,"LAYOUT_MIN_HEIGHT":0,"LAYOUT_HEIGHT":294}},"layoutFullScreen":false,"navDrawerLayout":null,"onBottomSheetCollapsed":null,"onBottomSheetExpanded":null,"primaryThemeId":108,"statusBarColor":"P700","statusBarColorAlpha":100,"statusBarLight":false,"statusBarVisible":true}