{"accentThemeId":103,"bottomSheetFullScreen":false,"bottomSheetLayout":null,"bottomSheetMarginTop":0,"bottomSheetPeekHeight":0,"lastViewIndex":6,"layout":{"children":[{"children":null,"properties":{"PADDING_TOP":24,"ICON_COLOR_HINT":["com.crane.mockapp.core.model.theme.ThemeModelColorHint","AUTO"],"IMAGE_SCALE_TYPE":["android.widget.ImageView$ScaleType","FIT_XY"],"VIEW_ID":"Image6","LAYOUT_MIN_HEIGHT":0,"LAYOUT_WIDTH":-2,"PADDING_END":24,"LAYOUT_HEIGHT":-2,"LAYOUT_MIN_WIDTH":0,"PADDING_BOTTOM":24,"VIEW_CLASS_NAME":"android.widget.ImageView","PADDING_START":24,"BACKGROUND_COLOR":["com.crane.mockapp.core.model.theme.ThemeModelColor","TRANSPARENT"],"ICON_DRAWABLE":"gmd_add_circle","ICON_COLOR":["com.crane.mockapp.core.model.theme.ThemeModelColor","P500"],"ICON_SIZE":48}}],"properties":{"LAYOUT_MIN_WIDTH":0,"OUTLINE_CLIP_TO_OUTLINE":true,"OUTLINE_RADIUS":12,"VIEW_CLASS_NAME":"android.widget.FrameLayout","OUTLINE_CLIP_TO_PADDING":false,"ELEVATION":3,"BACKGROUND_COLOR":["com.crane.mockapp.core.model.theme.ThemeModelColor","TRANSPARENT"],"OUTLINE_ENABLED":true,"VIEW_ID":"Frame4","LAYOUT_WIDTH":-2,"LAYOUT_MIN_HEIGHT":0,"LAYOUT_HEIGHT":-2}},"layoutFullScreen":false,"navDrawerLayout":null,"onBottomSheetCollapsed":null,"onBottomSheetExpanded":null,"primaryThemeId":108,"statusBarColor":"P700","statusBarColorAlpha":100,"statusBarLight":false,"statusBarVisible":true}