{"accentThemeId":103,"bottomSheetFullScreen":false,"bottomSheetLayout":null,"bottomSheetMarginTop":0,"bottomSheetPeekHeight":0,"lastViewIndex":11,"layout":{"children":[{"children":[{"children":null,"properties":{"LAYOUT_MIN_WIDTH":0,"VIEW_CLASS_NAME":"com.crane.mockapp.core.MockApp$MenuItem","BACKGROUND_COLOR":["com.crane.mockapp.core.model.theme.ThemeModelColor","TRANSPARENT"],"VIEW_ID":"Item6","TEXT":"Item6","LAYOUT_WIDTH":-2,"LAYOUT_MIN_HEIGHT":0,"LAYOUT_HEIGHT":-2}},{"children":null,"properties":{"LAYOUT_MIN_WIDTH":0,"VIEW_CLASS_NAME":"com.crane.mockapp.core.MockApp$MenuItem","BACKGROUND_COLOR":["com.crane.mockapp.core.model.theme.ThemeModelColor","TRANSPARENT"],"VIEW_ID":"Item7","TEXT":"Item7","LAYOUT_WIDTH":-2,"LAYOUT_MIN_HEIGHT":0,"LAYOUT_HEIGHT":-2}}],"properties":{"ELEVATION":12,"TOOLBAR_TITLE_TEXT_COLOR":["com.crane.mockapp.core.model.theme.ThemeModelColor","TEXT_PRIMARY"],"VIEW_ID":"Toolbar5","LAYOUT_WIDTH":-1,"LAYOUT_MIN_HEIGHT":56,"TOOLBAR_SUBTITLE_TEXT_COLOR":["com.crane.mockapp.core.model.theme.ThemeModelColor","TEXT_SECONDARY"],"LAYOUT_HEIGHT":56,"LAYOUT_MIN_WIDTH":24,"VIEW_CLASS_NAME":"androidx.appcompat.widget.Toolbar","OUTLINE_CLIP_TO_PADDING":false,"TOOLBAR_ACTION_ICON_COLOR":["com.crane.mockapp.core.model.theme.ThemeModelColor","ICON_ACTIVE"],"BACKGROUND_COLOR":["com.crane.mockapp.core.model.theme.ThemeModelColor","P500"],"TOOLBAR_ACTION_TEXT_COLOR":["com.crane.mockapp.core.model.theme.ThemeModelColor","TEXT_PRIMARY"]}},{"children":[{"children":null,"properties":{"LAYOUT_MIN_WIDTH":0,"VIEW_CLASS_NAME":"com.crane.mockapp.core.MockApp$Tab","BACKGROUND_COLOR":["com.crane.mockapp.core.model.theme.ThemeModelColor","TRANSPARENT"],"VIEW_ID":"Tab9","TEXT":"Tab9","LAYOUT_WIDTH":-2,"LAYOUT_MIN_HEIGHT":0,"TAB_ICON_DRAWABLE":"gmd_airplanemode_active","LAYOUT_HEIGHT":-2}},{"children":null,"properties":{"LAYOUT_MIN_WIDTH":0,"VIEW_CLASS_NAME":"com.crane.mockapp.core.MockApp$Tab","BACKGROUND_COLOR":["com.crane.mockapp.core.model.theme.ThemeModelColor","TRANSPARENT"],"VIEW_ID":"Tab10","TEXT":"Tab10","LAYOUT_WIDTH":-2,"LAYOUT_MIN_HEIGHT":0,"TAB_ICON_DRAWABLE":"gmd_airline_seat_individual_suite","LAYOUT_HEIGHT":-2}},{"children":null,"properties":{"LAYOUT_MIN_WIDTH":0,"VIEW_CLASS_NAME":"com.crane.mockapp.core.MockApp$Tab","BACKGROUND_COLOR":["com.crane.mockapp.core.model.theme.ThemeModelColor","TRANSPARENT"],"VIEW_ID":"Tab11","TEXT":"Tab11","LAYOUT_WIDTH":-2,"LAYOUT_MIN_HEIGHT":0,"TAB_ICON_DRAWABLE":"gmd_add_location","LAYOUT_HEIGHT":-2}}],"properties":{"LAYOUT_MIN_WIDTH":0,"TAB_LAYOUT_INDICATOR_HEIGHT":2,"VIEW_CLASS_NAME":"com.google.android.material.tabs.TabLayout","OUTLINE_CLIP_TO_PADDING":false,"TAB_LAYOUT_INDICATOR_COLOR":["com.crane.mockapp.core.model.theme.ThemeModelColor","A400"],"BACKGROUND_COLOR":["com.crane.mockapp.core.model.theme.ThemeModelColor","P500"],"TAB_LAYOUT_TEXT_COLORS":["[Lcom.crane.mockapp.core.model.theme.ThemeModelColor;",["TEXT_PRIMARY","TEXT_SECONDARY"]],"VIEW_ID":"Tabs8","LAYOUT_WIDTH":-1,"LAYOUT_MIN_HEIGHT":0,"TAB_LAYOUT_TAB_MODE":1,"LAYOUT_HEIGHT":-2}}],"properties":{"LAYOUT_MIN_WIDTH":0,"VIEW_CLASS_NAME":"android.widget.LinearLayout","OUTLINE_CLIP_TO_PADDING":false,"LAYOUT_ORIENTATION":1,"BACKGROUND_COLOR":["com.crane.mockapp.core.model.theme.ThemeModelColor","TRANSPARENT"],"VIEW_ID":"Linear1","LAYOUT_WIDTH":-1,"LAYOUT_MIN_HEIGHT":0,"LAYOUT_HEIGHT":-1}},"layoutFullScreen":false,"navDrawerLayout":null,"onBottomSheetCollapsed":null,"onBottomSheetExpanded":null,"primaryThemeId":112,"statusBarColor":"P700","statusBarColorAlpha":100,"statusBarLight":false,"statusBarVisible":true}