{"accentThemeId":103,"bottomSheetFullScreen":false,"bottomSheetLayout":null,"bottomSheetMarginTop":0,"bottomSheetPeekHeight":0,"lastViewIndex":9,"layout":{"children":[{"children":null,"properties":{"ICON_COLOR_HINT":["com.crane.mockapp.core.model.theme.ThemeModelColorHint","AUTO"],"ICON_COLOR":["com.crane.mockapp.core.model.theme.ThemeModelColor","ICON_ACTIVE"],"VIEW_ID":"Image9","VIEW_CLASS_NAME":"android.widget.ImageView","LAYOUT_MIN_WIDTH":0,"IMAGE_DRAWABLE":"5912a867-049f-4b2f-8f41-bd0b249295a7/world.png","ICON_SIZE":24,"LAYOUT_HEIGHT":-2,"IMAGE_SCALE_TYPE":["android.widget.ImageView$ScaleType","FIT_XY"],"BACKGROUND_COLOR":["com.crane.mockapp.core.model.theme.ThemeModelColor","TRANSPARENT"],"LAYOUT_MIN_HEIGHT":0,"LAYOUT_WIDTH":-1}},{"children":null,"properties":{"PADDING_BOTTOM":40,"PADDING_TOP":40,"TEXT_COLOR":["com.crane.mockapp.core.model.theme.ThemeModelColor","TEXT_PRIMARY"],"VIEW_ID":"Text8","VIEW_CLASS_NAME":"android.widget.TextView","TEXT":"Text8","LAYOUT_HEIGHT":-2,"BACKGROUND_COLOR":["com.crane.mockapp.core.model.theme.ThemeModelColor","Black"],"PADDING_END":40,"LAYOUT_MIN_HEIGHT":0,"TEXT_COLOR_HINT":["com.crane.mockapp.core.model.theme.ThemeModelColorHint","AUTO"],"PADDING_START":40,"LAYOUT_MIN_WIDTH":0,"TEXT_MIN_LINES":1,"BACKGROUND_ALPHA":40,"LAYOUT_GRAVITY":8388691,"LAYOUT_WIDTH":-1,"TEXT_MAX_LINES":20}}],"properties":{"VIEW_ID":"Frame7","VIEW_CLASS_NAME":"android.widget.FrameLayout","LAYOUT_MIN_WIDTH":0,"LAYOUT_HEIGHT":-2,"BACKGROUND_COLOR":["com.crane.mockapp.core.model.theme.ThemeModelColor","TRANSPARENT"],"LAYOUT_MIN_HEIGHT":0,"OUTLINE_CLIP_TO_PADDING":false,"LAYOUT_WIDTH":-1}},"layoutFullScreen":false,"navDrawerLayout":null,"onBottomSheetCollapsed":null,"onBottomSheetExpanded":null,"primaryThemeId":108,"statusBarColor":"P700","statusBarColorAlpha":100,"statusBarLight":false,"statusBarVisible":true}