{"accentThemeId":103,"bottomSheetFullScreen":false,"bottomSheetLayout":null,"bottomSheetMarginTop":0,"bottomSheetPeekHeight":0,"lastViewIndex":5,"layout":{"children":[{"children":null,"properties":{"ICON_COLOR_HINT":["com.crane.mockapp.core.model.theme.ThemeModelColorHint","AUTO"],"IMAGE_SCALE_TYPE":["android.widget.ImageView$ScaleType","FIT_XY"],"VIEW_ID":"Image5","LAYOUT_MIN_HEIGHT":0,"LAYOUT_WIDTH":-1,"LAYOUT_HEIGHT":-2,"LAYOUT_MIN_WIDTH":0,"IMAGE_DRAWABLE":"5912a867-049f-4b2f-8f41-bd0b249295a7/photo_country_full3.jpg","VIEW_CLASS_NAME":"android.widget.ImageView","FITS_SYSTEM_WINDOWS":true,"BACKGROUND_COLOR":["com.crane.mockapp.core.model.theme.ThemeModelColor","TRANSPARENT"],"ICON_COLOR":["com.crane.mockapp.core.model.theme.ThemeModelColor","ICON_ACTIVE"],"ICON_SIZE":24}},{"children":null,"properties":{"LAYOUT_MIN_WIDTH":0,"TEXT_MIN_LINES":1,"TEXT_COLOR_HINT":["com.crane.mockapp.core.model.theme.ThemeModelColorHint","AUTO"],"VIEW_CLASS_NAME":"android.widget.TextView","TEXT_MAX_LINES":20,"BACKGROUND_COLOR":["com.crane.mockapp.core.model.theme.ThemeModelColor","TRANSPARENT"],"VIEW_ID":"Text2","TEXT":"Text2","TEXT_COLOR":["com.crane.mockapp.core.model.theme.ThemeModelColor","TEXT_PRIMARY"],"LAYOUT_WIDTH":-2,"LAYOUT_MIN_HEIGHT":0,"LAYOUT_HEIGHT":-2}},{"children":null,"properties":{"LAYOUT_MIN_WIDTH":0,"TEXT_MIN_LINES":1,"TEXT_COLOR_HINT":["com.crane.mockapp.core.model.theme.ThemeModelColorHint","AUTO"],"VIEW_CLASS_NAME":"android.widget.TextView","TEXT_MAX_LINES":20,"BACKGROUND_COLOR":["com.crane.mockapp.core.model.theme.ThemeModelColor","TRANSPARENT"],"VIEW_ID":"Text3","TEXT":"Text3","TEXT_COLOR":["com.crane.mockapp.core.model.theme.ThemeModelColor","TEXT_PRIMARY"],"LAYOUT_WIDTH":-2,"LAYOUT_MIN_HEIGHT":0,"LAYOUT_HEIGHT":-2}},{"children":null,"properties":{"LAYOUT_MIN_WIDTH":0,"TEXT_MIN_LINES":1,"TEXT_COLOR_HINT":["com.crane.mockapp.core.model.theme.ThemeModelColorHint","AUTO"],"VIEW_CLASS_NAME":"android.widget.TextView","TEXT_MAX_LINES":20,"BACKGROUND_COLOR":["com.crane.mockapp.core.model.theme.ThemeModelColor","TRANSPARENT"],"VIEW_ID":"Text4","TEXT":"Text4","TEXT_COLOR":["com.crane.mockapp.core.model.theme.ThemeModelColor","TEXT_PRIMARY"],"LAYOUT_WIDTH":-2,"LAYOUT_MIN_HEIGHT":0,"LAYOUT_HEIGHT":-2}}],"properties":{"LAYOUT_MIN_WIDTH":0,"VIEW_CLASS_NAME":"android.widget.LinearLayout","OUTLINE_CLIP_TO_PADDING":false,"LAYOUT_ORIENTATION":1,"BACKGROUND_COLOR":["com.crane.mockapp.core.model.theme.ThemeModelColor","TRANSPARENT"],"VIEW_ID":"Linear1","LAYOUT_WIDTH":-1,"LAYOUT_MIN_HEIGHT":0,"LAYOUT_HEIGHT":-1}},"layoutFullScreen":true,"navDrawerLayout":null,"onBottomSheetCollapsed":null,"onBottomSheetExpanded":null,"primaryThemeId":108,"statusBarColor":"PaleVioletRed","statusBarColorAlpha":39,"statusBarLight":false,"statusBarVisible":true}