{"accentThemeId":103,"bottomSheetFullScreen":false,"bottomSheetLayout":null,"bottomSheetMarginTop":0,"bottomSheetPeekHeight":0,"lastViewIndex":3,"layout":{"children":[{"children":null,"properties":{"LAYOUT_MIN_WIDTH":0,"VIEW_CLASS_NAME":"com.crane.mockapp.core.MockApp$MenuItem","BACKGROUND_COLOR":["com.crane.mockapp.core.model.theme.ThemeModelColor","TRANSPARENT"],"VIEW_ID":"Item2","TEXT":"Item2","LAYOUT_WIDTH":-2,"LAYOUT_MIN_HEIGHT":0,"LAYOUT_HEIGHT":-2}},{"children":null,"properties":{"LAYOUT_MIN_WIDTH":0,"VIEW_CLASS_NAME":"com.crane.mockapp.core.MockApp$MenuItem","BACKGROUND_COLOR":["com.crane.mockapp.core.model.theme.ThemeModelColor","TRANSPARENT"],"VIEW_ID":"Item3","TEXT":"Item3","LAYOUT_WIDTH":-2,"LAYOUT_MIN_HEIGHT":0,"LAYOUT_HEIGHT":-2}}],"properties":{"BACKGROUND_COLOR2_ORIENTATION":1,"ELEVATION":12,"TOOLBAR_TITLE_TEXT_COLOR":["com.crane.mockapp.core.model.theme.ThemeModelColor","TEXT_PRIMARY"],"VIEW_ID":"Toolbar1","LAYOUT_MIN_HEIGHT":56,"TOOLBAR_SUBTITLE_TEXT_COLOR":["com.crane.mockapp.core.model.theme.ThemeModelColor","TEXT_SECONDARY"],"LAYOUT_WIDTH":-1,"LAYOUT_HEIGHT":56,"LAYOUT_MIN_WIDTH":24,"VIEW_CLASS_NAME":"androidx.appcompat.widget.Toolbar","OUTLINE_CLIP_TO_PADDING":false,"TOOLBAR_ACTION_ICON_COLOR":["com.crane.mockapp.core.model.theme.ThemeModelColor","ICON_ACTIVE"],"BACKGROUND_COLOR":["com.crane.mockapp.core.model.theme.ThemeModelColor","P500"],"TOOLBAR_ACTION_TEXT_COLOR":["com.crane.mockapp.core.model.theme.ThemeModelColor","TEXT_PRIMARY"],"BACKGROUND_COLOR2":["com.crane.mockapp.core.model.theme.ThemeModelColor","Gold"]}},"layoutFullScreen":false,"navDrawerLayout":null,"onBottomSheetCollapsed":null,"onBottomSheetExpanded":null,"primaryThemeId":108,"statusBarColor":"P700","statusBarColorAlpha":100,"statusBarLight":false,"statusBarVisible":true}