{"accentThemeId":103,"bottomSheetFullScreen":false,"bottomSheetLayout":null,"bottomSheetMarginTop":0,"bottomSheetPeekHeight":0,"lastViewIndex":2,"layout":{"children":[{"children":null,"properties":{"TEXT_MIN_LINES":1,"VIEW_ID":"Text2","LAYOUT_MIN_HEIGHT":0,"LAYOUT_WIDTH":-2,"LAYOUT_HEIGHT":-2,"LAYOUT_MARGIN_BOTTOM":12,"LAYOUT_MIN_WIDTH":0,"LAYOUT_MARGIN_START":12,"BACKGROUND_IMAGE":"5912a867-049f-4b2f-8f41-bd0b249295a7/round.9.png","TEXT_COLOR_HINT":["com.crane.mockapp.core.model.theme.ThemeModelColorHint","AUTO"],"VIEW_CLASS_NAME":"android.widget.TextView","TEXT_MAX_LINES":20,"LAYOUT_MARGIN_END":12,"BACKGROUND_COLOR":["com.crane.mockapp.core.model.theme.ThemeModelColor","TRANSPARENT"],"LAYOUT_MARGIN_TOP":12,"TEXT":"Lorem ipsum dolor sit amet, consectetur adipiscing elit. Phasellus consequat.","TEXT_COLOR":["com.crane.mockapp.core.model.theme.ThemeModelColor","TEXT_PRIMARY"]}}],"properties":{"LAYOUT_MIN_WIDTH":0,"VIEW_CLASS_NAME":"android.widget.FrameLayout","OUTLINE_CLIP_TO_PADDING":false,"BACKGROUND_COLOR":["com.crane.mockapp.core.model.theme.ThemeModelColor","TRANSPARENT"],"VIEW_ID":"Frame1","LAYOUT_WIDTH":-1,"LAYOUT_MIN_HEIGHT":0,"LAYOUT_HEIGHT":-1}},"layoutFullScreen":false,"navDrawerLayout":null,"onBottomSheetCollapsed":null,"onBottomSheetExpanded":null,"primaryThemeId":108,"statusBarColor":"P700","statusBarColorAlpha":100,"statusBarLight":false,"statusBarVisible":true}