{"accentThemeId":103,"bottomSheetFullScreen":false,"bottomSheetLayout":null,"bottomSheetMarginTop":0,"bottomSheetPeekHeight":0,"lastViewIndex":1,"layout":{"children":null,"properties":{"RECYCLER_VIEW_ITEM_PADDING_TOP":16,"RECYCLER_VIEW_LAYOUT_SPANS":1,"RECYCLER_VIEW_ITEM_PADDING_BOTTOM":8,"RECYCLER_VIEW_ITEM_PADDING_RIGHT":8,"RECYCLER_VIEW_ITEM_PADDING":8,"RECYCLER_VIEW_ITEM_COUNT":17,"RECYCLER_VIEW_ITEM_PADDING_LEFT":16,"VIEW_ID":"Recycler1","LAYOUT_MIN_HEIGHT":0,"LAYOUT_WIDTH":-1,"LAYOUT_HEIGHT":-1,"LAYOUT_MIN_WIDTH":0,"VIEW_CLASS_NAME":"androidx.recyclerview.widget.RecyclerView","OUTLINE_CLIP_TO_PADDING":false,"BACKGROUND_COLOR":["com.crane.mockapp.core.model.theme.ThemeModelColor","TRANSPARENT"],"RECYCLER_VIEW_ITEM_LAYOUT":{"@class":"com.crane.mockapp.core.model.layouts.PropLayoutValue","projectId":"5912a867-049f-4b2f-8f41-bd0b249295a7","layoutId":"f608700e-b888-46af-932d-665f68e2104b"}}},"layoutFullScreen":false,"navDrawerLayout":null,"onBottomSheetCollapsed":null,"onBottomSheetExpanded":null,"primaryThemeId":108,"statusBarColor":"P700","statusBarColorAlpha":100,"statusBarLight":false,"statusBarVisible":true}