{"accentThemeId":103,"bottomSheetFullScreen":false,"bottomSheetLayout":null,"bottomSheetMarginTop":0,"bottomSheetPeekHeight":0,"lastViewIndex":1,"layout":{"children":null,"properties":{"TEXT_MIN_LINES":1,"PADDING_TOP":8,"VIEW_ID":"Text1","LAYOUT_MIN_HEIGHT":0,"LAYOUT_WIDTH":-1,"TEXT_SIZE":18,"PADDING_END":8,"LAYOUT_HEIGHT":-2,"LAYOUT_MIN_WIDTH":0,"PADDING_BOTTOM":8,"TEXT_COLOR_HINT":["com.crane.mockapp.core.model.theme.ThemeModelColorHint","AUTO"],"VIEW_CLASS_NAME":"android.widget.TextView","TEXT_MAX_LINES":20,"PADDING_START":8,"BACKGROUND_COLOR":["com.crane.mockapp.core.model.theme.ThemeModelColor","DarkRed"],"TEXT":"Text1","TEXT_COLOR":["com.crane.mockapp.core.model.theme.ThemeModelColor","TEXT_PRIMARY"]}},"layoutFullScreen":false,"navDrawerLayout":null,"onBottomSheetCollapsed":null,"onBottomSheetExpanded":null,"primaryThemeId":108,"statusBarColor":"P700","statusBarColorAlpha":100,"statusBarLight":false,"statusBarVisible":true}