{"accentThemeId":103,"bottomSheetFullScreen":false,"bottomSheetLayout":null,"bottomSheetMarginTop":0,"bottomSheetPeekHeight":0,"lastViewIndex":2,"layout":{"children":[{"children":null,"properties":{"TEXT_MIN_LINES":1,"PADDING_TOP":32,"BACKGROUND_ALPHA":10,"VIEW_ID":"Text2","LAYOUT_MIN_HEIGHT":0,"LAYOUT_WIDTH":-2,"PADDING_END":32,"LAYOUT_HEIGHT":-2,"LAYOUT_MIN_WIDTH":0,"PADDING_BOTTOM":32,"TEXT_COLOR_HINT":["com.crane.mockapp.core.model.theme.ThemeModelColorHint","AUTO"],"VIEW_CLASS_NAME":"android.widget.TextView","TEXT_MAX_LINES":20,"PADDING_START":32,"BACKGROUND_COLOR":["com.crane.mockapp.core.model.theme.ThemeModelColor","DeepPink"],"TEXT":"Text2","TEXT_COLOR":["com.crane.mockapp.core.model.theme.ThemeModelColor","TEXT_PRIMARY"]}}],"properties":{"LAYOUT_MIN_WIDTH":0,"VIEW_CLASS_NAME":"android.widget.FrameLayout","OUTLINE_CLIP_TO_PADDING":false,"ON_CLICK":{"@class":"com.crane.mockapp.core.model.layouts.PropEventFinish","empty":false},"BACKGROUND_COLOR":["com.crane.mockapp.core.model.theme.ThemeModelColor","RIPPLE"],"VIEW_ID":"Frame1","LAYOUT_WIDTH":-1,"LAYOUT_MIN_HEIGHT":0,"LAYOUT_HEIGHT":-2}},"layoutFullScreen":false,"navDrawerLayout":null,"onBottomSheetCollapsed":null,"onBottomSheetExpanded":null,"primaryThemeId":108,"statusBarColor":"P700","statusBarColorAlpha":100,"statusBarLight":false,"statusBarVisible":true}