{"accentThemeId":103,"bottomSheetFullScreen":false,"bottomSheetLayout":null,"bottomSheetMarginTop":0,"bottomSheetPeekHeight":0,"lastViewIndex":4,"layout":{"children":[{"children":null,"properties":{"TEXT_MIN_LINES":1,"OUTLINE_CLIP_TO_OUTLINE":true,"PADDING_TOP":24,"ELEVATION":23,"OUTLINE_ENABLED":true,"VIEW_ID":"Text4","LAYOUT_MIN_HEIGHT":0,"LAYOUT_WIDTH":-2,"PADDING_END":24,"LAYOUT_HEIGHT":-2,"LAYOUT_MIN_WIDTH":0,"PADDING_BOTTOM":24,"TEXT_COLOR_HINT":["com.crane.mockapp.core.model.theme.ThemeModelColorHint","AUTO"],"OUTLINE_RADIUS":12,"VIEW_CLASS_NAME":"android.widget.TextView","TEXT_MAX_LINES":20,"PADDING_START":24,"LAYOUT_GRAVITY":17,"BACKGROUND_COLOR":["com.crane.mockapp.core.model.theme.ThemeModelColor","DeepPink"],"TEXT":"Text4","TEXT_COLOR":["com.crane.mockapp.core.model.theme.ThemeModelColor","TEXT_PRIMARY"]}}],"properties":{"LAYOUT_MIN_WIDTH":0,"VIEW_CLASS_NAME":"android.widget.FrameLayout","OUTLINE_CLIP_TO_PADDING":false,"BACKGROUND_COLOR":["com.crane.mockapp.core.model.theme.ThemeModelColor","TRANSPARENT"],"VIEW_ID":"Frame3","LAYOUT_WIDTH":-1,"LAYOUT_MIN_HEIGHT":0,"LAYOUT_HEIGHT":-1}},"layoutFullScreen":false,"navDrawerLayout":null,"onBottomSheetCollapsed":null,"onBottomSheetExpanded":null,"primaryThemeId":108,"statusBarColor":"P700","statusBarColorAlpha":100,"statusBarLight":false,"statusBarVisible":true}