{"accentThemeId":103,"bottomSheetFullScreen":false,"bottomSheetLayout":null,"bottomSheetMarginTop":0,"bottomSheetPeekHeight":0,"lastViewIndex":30,"layout":{"children":[{"children":[{"children":null,"properties":{"LAYOUT_MIN_WIDTH":0,"TEXT_MIN_LINES":1,"TEXT_COLOR_HINT":["com.crane.mockapp.core.model.theme.ThemeModelColorHint","AUTO"],"VIEW_CLASS_NAME":"android.widget.TextView","TEXT_MAX_LINES":20,"BACKGROUND_COLOR":["com.crane.mockapp.core.model.theme.ThemeModelColor","TRANSPARENT"],"VIEW_ID":"Text3","TEXT":"Text3","TEXT_COLOR":["com.crane.mockapp.core.model.theme.ThemeModelColor","TEXT_PRIMARY"],"LAYOUT_WIDTH":-2,"LAYOUT_MIN_HEIGHT":0,"LAYOUT_HEIGHT":-2}},{"children":null,"properties":{"LAYOUT_MIN_WIDTH":0,"TEXT_MIN_LINES":1,"TEXT_COLOR_HINT":["com.crane.mockapp.core.model.theme.ThemeModelColorHint","AUTO"],"VIEW_CLASS_NAME":"android.widget.TextView","TEXT_MAX_LINES":20,"BACKGROUND_COLOR":["com.crane.mockapp.core.model.theme.ThemeModelColor","TRANSPARENT"],"VIEW_ID":"Text4","TEXT":"Text4","TEXT_COLOR":["com.crane.mockapp.core.model.theme.ThemeModelColor","TEXT_PRIMARY"],"LAYOUT_WIDTH":-2,"LAYOUT_MIN_HEIGHT":0,"LAYOUT_HEIGHT":-2}},{"children":null,"properties":{"LAYOUT_MIN_WIDTH":0,"TEXT_MIN_LINES":1,"TEXT_COLOR_HINT":["com.crane.mockapp.core.model.theme.ThemeModelColorHint","AUTO"],"VIEW_CLASS_NAME":"android.widget.TextView","TEXT_MAX_LINES":20,"BACKGROUND_COLOR":["com.crane.mockapp.core.model.theme.ThemeModelColor","TRANSPARENT"],"VIEW_ID":"Text5","TEXT":"Text5","TEXT_COLOR":["com.crane.mockapp.core.model.theme.ThemeModelColor","TEXT_PRIMARY"],"LAYOUT_WIDTH":-2,"LAYOUT_MIN_HEIGHT":0,"LAYOUT_HEIGHT":-2}},{"children":null,"properties":{"TEXT_MIN_LINES":1,"PADDING_TOP":0,"VIEW_ID":"Radio6","LAYOUT_MIN_HEIGHT":0,"LAYOUT_WIDTH":-2,"PADDING_END":8,"LAYOUT_HEIGHT":36,"LAYOUT_MIN_WIDTH":0,"PADDING_BOTTOM":0,"TEXT_COLOR_HINT":["com.crane.mockapp.core.model.theme.ThemeModelColorHint","AUTO"],"VIEW_CLASS_NAME":"android.widget.RadioButton","TEXT_MAX_LINES":20,"PADDING_START":8,"BACKGROUND_COLOR":["com.crane.mockapp.core.model.theme.ThemeModelColor","TRANSPARENT"],"TEXT":"Radio6","TEXT_COLOR":["com.crane.mockapp.core.model.theme.ThemeModelColor","TEXT_PRIMARY"]}},{"children":null,"properties":{"TEXT_MIN_LINES":1,"PADDING_TOP":0,"VIEW_ID":"Radio7","LAYOUT_MIN_HEIGHT":0,"LAYOUT_WIDTH":-2,"PADDING_END":8,"LAYOUT_HEIGHT":36,"LAYOUT_MIN_WIDTH":0,"PADDING_BOTTOM":0,"TEXT_COLOR_HINT":["com.crane.mockapp.core.model.theme.ThemeModelColorHint","AUTO"],"VIEW_CLASS_NAME":"android.widget.RadioButton","TEXT_MAX_LINES":20,"PADDING_START":8,"BACKGROUND_COLOR":["com.crane.mockapp.core.model.theme.ThemeModelColor","TRANSPARENT"],"TEXT":"Radio7","TEXT_COLOR":["com.crane.mockapp.core.model.theme.ThemeModelColor","TEXT_PRIMARY"]}},{"children":null,"properties":{"LAYOUT_MIN_WIDTH":0,"PROGRESS_BAR_COLOR":["com.crane.mockapp.core.model.theme.ThemeModelColor","A700"],"VIEW_CLASS_NAME":"android.widget.SeekBar","BACKGROUND_COLOR":["com.crane.mockapp.core.model.theme.ThemeModelColor","TRANSPARENT"],"VIEW_ID":"Seek8","LAYOUT_WIDTH":-2,"LAYOUT_MIN_HEIGHT":0,"LAYOUT_HEIGHT":-2}},{"children":null,"properties":{"LAYOUT_MIN_WIDTH":0,"PROGRESS_BAR_COLOR":["com.crane.mockapp.core.model.theme.ThemeModelColor","A700"],"VIEW_CLASS_NAME":"android.widget.SeekBar","BACKGROUND_COLOR":["com.crane.mockapp.core.model.theme.ThemeModelColor","TRANSPARENT"],"VIEW_ID":"Seek9","LAYOUT_WIDTH":-2,"LAYOUT_MIN_HEIGHT":0,"LAYOUT_HEIGHT":-2}},{"children":null,"properties":{"LAYOUT_MIN_WIDTH":0,"PROGRESS_BAR_COLOR":["com.crane.mockapp.core.model.theme.ThemeModelColor","A700"],"VIEW_CLASS_NAME":"android.widget.SeekBar","BACKGROUND_COLOR":["com.crane.mockapp.core.model.theme.ThemeModelColor","TRANSPARENT"],"VIEW_ID":"Seek10","LAYOUT_WIDTH":-2,"LAYOUT_MIN_HEIGHT":0,"LAYOUT_HEIGHT":-2}},{"children":null,"properties":{"LAYOUT_MIN_WIDTH":0,"PROGRESS_BAR_COLOR":["com.crane.mockapp.core.model.theme.ThemeModelColor","A700"],"VIEW_CLASS_NAME":"android.widget.ProgressBar","BACKGROUND_COLOR":["com.crane.mockapp.core.model.theme.ThemeModelColor","TRANSPARENT"],"VIEW_ID":"Progress11","LAYOUT_WIDTH":-2,"LAYOUT_MIN_HEIGHT":0,"LAYOUT_HEIGHT":-2}},{"children":null,"properties":{"LAYOUT_MIN_WIDTH":0,"PROGRESS_BAR_COLOR":["com.crane.mockapp.core.model.theme.ThemeModelColor","A700"],"VIEW_CLASS_NAME":"android.widget.ProgressBar","BACKGROUND_COLOR":["com.crane.mockapp.core.model.theme.ThemeModelColor","TRANSPARENT"],"VIEW_ID":"Progress12","LAYOUT_WIDTH":-2,"LAYOUT_MIN_HEIGHT":0,"LAYOUT_HEIGHT":-2}},{"children":null,"properties":{"LAYOUT_MIN_WIDTH":0,"PROGRESS_BAR_COLOR":["com.crane.mockapp.core.model.theme.ThemeModelColor","A700"],"VIEW_CLASS_NAME":"android.widget.ProgressBar","BACKGROUND_COLOR":["com.crane.mockapp.core.model.theme.ThemeModelColor","TRANSPARENT"],"VIEW_ID":"Progress13","LAYOUT_WIDTH":-2,"LAYOUT_MIN_HEIGHT":0,"LAYOUT_HEIGHT":-2}},{"children":null,"properties":{"TEXT_MIN_LINES":1,"PADDING_TOP":0,"VIEW_ID":"Radio14","LAYOUT_MIN_HEIGHT":0,"LAYOUT_WIDTH":-2,"PADDING_END":8,"LAYOUT_HEIGHT":36,"LAYOUT_MIN_WIDTH":0,"PADDING_BOTTOM":0,"TEXT_COLOR_HINT":["com.crane.mockapp.core.model.theme.ThemeModelColorHint","AUTO"],"VIEW_CLASS_NAME":"android.widget.RadioButton","TEXT_MAX_LINES":20,"PADDING_START":8,"BACKGROUND_COLOR":["com.crane.mockapp.core.model.theme.ThemeModelColor","TRANSPARENT"],"TEXT":"Radio14","TEXT_COLOR":["com.crane.mockapp.core.model.theme.ThemeModelColor","TEXT_PRIMARY"]}},{"children":null,"properties":{"LAYOUT_MIN_WIDTH":0,"ICON_SIZE":24,"ICON_COLOR_HINT":["com.crane.mockapp.core.model.theme.ThemeModelColorHint","AUTO"],"VIEW_CLASS_NAME":"android.widget.ImageButton","IMAGE_SCALE_TYPE":["android.widget.ImageView$ScaleType","FIT_XY"],"ICON_DRAWABLE":"gmd_add_circle","BACKGROUND_COLOR":["com.crane.mockapp.core.model.theme.ThemeModelColor","TRANSPARENT"],"ICON_COLOR":["com.crane.mockapp.core.model.theme.ThemeModelColor","ICON_ACTIVE"],"VIEW_ID":"ImageButton15","LAYOUT_WIDTH":-2,"LAYOUT_MIN_HEIGHT":0,"LAYOUT_HEIGHT":-2}},{"children":null,"properties":{"LAYOUT_MIN_WIDTH":0,"ICON_SIZE":24,"ICON_COLOR_HINT":["com.crane.mockapp.core.model.theme.ThemeModelColorHint","AUTO"],"VIEW_CLASS_NAME":"android.widget.ImageView","IMAGE_SCALE_TYPE":["android.widget.ImageView$ScaleType","FIT_XY"],"ICON_DRAWABLE":"gmd_add_circle","BACKGROUND_COLOR":["com.crane.mockapp.core.model.theme.ThemeModelColor","TRANSPARENT"],"ICON_COLOR":["com.crane.mockapp.core.model.theme.ThemeModelColor","ICON_ACTIVE"],"VIEW_ID":"Image16","LAYOUT_WIDTH":-2,"LAYOUT_MIN_HEIGHT":0,"LAYOUT_HEIGHT":-2}},{"children":null,"properties":{"TEXT_MIN_LINES":1,"PADDING_TOP":0,"VIEW_ID":"Button17","LAYOUT_MIN_HEIGHT":0,"LAYOUT_WIDTH":-2,"PADDING_END":8,"LAYOUT_HEIGHT":36,"LAYOUT_MIN_WIDTH":0,"PADDING_BOTTOM":0,"TEXT_COLOR_HINT":["com.crane.mockapp.core.model.theme.ThemeModelColorHint","AUTO"],"VIEW_CLASS_NAME":"android.widget.Button","TEXT_MAX_LINES":20,"PADDING_START":8,"BACKGROUND_COLOR":["com.crane.mockapp.core.model.theme.ThemeModelColor","TRANSPARENT"],"TEXT":"Button17","TEXT_COLOR":["com.crane.mockapp.core.model.theme.ThemeModelColor","TEXT_PRIMARY"]}},{"children":null,"properties":{"TEXT_MIN_LINES":1,"PADDING_TOP":0,"VIEW_ID":"Radio18","LAYOUT_MIN_HEIGHT":0,"LAYOUT_WIDTH":-2,"PADDING_END":8,"LAYOUT_HEIGHT":36,"LAYOUT_MIN_WIDTH":0,"PADDING_BOTTOM":0,"TEXT_COLOR_HINT":["com.crane.mockapp.core.model.theme.ThemeModelColorHint","AUTO"],"VIEW_CLASS_NAME":"android.widget.RadioButton","TEXT_MAX_LINES":20,"PADDING_START":8,"BACKGROUND_COLOR":["com.crane.mockapp.core.model.theme.ThemeModelColor","TRANSPARENT"],"TEXT":"Radio18","TEXT_COLOR":["com.crane.mockapp.core.model.theme.ThemeModelColor","TEXT_PRIMARY"]}},{"children":null,"properties":{"LAYOUT_MIN_WIDTH":0,"PROGRESS_BAR_COLOR":["com.crane.mockapp.core.model.theme.ThemeModelColor","A700"],"VIEW_CLASS_NAME":"android.widget.SeekBar","BACKGROUND_COLOR":["com.crane.mockapp.core.model.theme.ThemeModelColor","TRANSPARENT"],"VIEW_ID":"Seek19","LAYOUT_WIDTH":-2,"LAYOUT_MIN_HEIGHT":0,"LAYOUT_HEIGHT":-2}},{"children":null,"properties":{"LAYOUT_MIN_WIDTH":0,"PROGRESS_BAR_COLOR":["com.crane.mockapp.core.model.theme.ThemeModelColor","A700"],"VIEW_CLASS_NAME":"android.widget.SeekBar","BACKGROUND_COLOR":["com.crane.mockapp.core.model.theme.ThemeModelColor","TRANSPARENT"],"VIEW_ID":"Seek20","LAYOUT_WIDTH":-2,"LAYOUT_MIN_HEIGHT":0,"LAYOUT_HEIGHT":-2}},{"children":null,"properties":{"LAYOUT_MIN_WIDTH":0,"PROGRESS_BAR_COLOR":["com.crane.mockapp.core.model.theme.ThemeModelColor","A700"],"VIEW_CLASS_NAME":"android.widget.ProgressBar","BACKGROUND_COLOR":["com.crane.mockapp.core.model.theme.ThemeModelColor","TRANSPARENT"],"VIEW_ID":"Progress21","LAYOUT_WIDTH":-2,"LAYOUT_MIN_HEIGHT":0,"LAYOUT_HEIGHT":-2}},{"children":null,"properties":{"LAYOUT_MIN_WIDTH":0,"PROGRESS_BAR_COLOR":["com.crane.mockapp.core.model.theme.ThemeModelColor","A700"],"VIEW_CLASS_NAME":"android.widget.ProgressBar","BACKGROUND_COLOR":["com.crane.mockapp.core.model.theme.ThemeModelColor","TRANSPARENT"],"VIEW_ID":"Progress22","LAYOUT_WIDTH":-2,"LAYOUT_MIN_HEIGHT":0,"LAYOUT_HEIGHT":-2}},{"children":null,"properties":{"LAYOUT_MIN_WIDTH":0,"PROGRESS_BAR_COLOR":["com.crane.mockapp.core.model.theme.ThemeModelColor","A700"],"VIEW_CLASS_NAME":"android.widget.SeekBar","BACKGROUND_COLOR":["com.crane.mockapp.core.model.theme.ThemeModelColor","TRANSPARENT"],"VIEW_ID":"Seek23","LAYOUT_WIDTH":-2,"LAYOUT_MIN_HEIGHT":0,"LAYOUT_HEIGHT":-2}},{"children":null,"properties":{"CHECKBOX_COLOR_ON":["com.crane.mockapp.core.model.theme.ThemeModelColor","A700"],"TEXT_MIN_LINES":1,"PADDING_TOP":0,"VIEW_ID":"Check24","LAYOUT_MIN_HEIGHT":0,"LAYOUT_WIDTH":-2,"PADDING_END":8,"LAYOUT_HEIGHT":36,"LAYOUT_MIN_WIDTH":0,"PADDING_BOTTOM":0,"TEXT_COLOR_HINT":["com.crane.mockapp.core.model.theme.ThemeModelColorHint","AUTO"],"VIEW_CLASS_NAME":"android.widget.CheckBox","TEXT_MAX_LINES":20,"CHECKBOX_COLOR_OFF":["com.crane.mockapp.core.model.theme.ThemeModelColor","Gray"],"PADDING_START":8,"BACKGROUND_COLOR":["com.crane.mockapp.core.model.theme.ThemeModelColor","TRANSPARENT"],"TEXT":"Check24","TEXT_COLOR":["com.crane.mockapp.core.model.theme.ThemeModelColor","TEXT_PRIMARY"]}},{"children":null,"properties":{"LAYOUT_MIN_WIDTH":0,"ICON_SIZE":24,"ICON_COLOR_HINT":["com.crane.mockapp.core.model.theme.ThemeModelColorHint","AUTO"],"VIEW_CLASS_NAME":"android.widget.ImageButton","IMAGE_SCALE_TYPE":["android.widget.ImageView$ScaleType","FIT_XY"],"ICON_DRAWABLE":"gmd_add_circle","BACKGROUND_COLOR":["com.crane.mockapp.core.model.theme.ThemeModelColor","TRANSPARENT"],"ICON_COLOR":["com.crane.mockapp.core.model.theme.ThemeModelColor","ICON_ACTIVE"],"VIEW_ID":"ImageButton25","LAYOUT_WIDTH":-2,"LAYOUT_MIN_HEIGHT":0,"LAYOUT_HEIGHT":-2}},{"children":null,"properties":{"LAYOUT_MIN_WIDTH":0,"ICON_SIZE":24,"ICON_COLOR_HINT":["com.crane.mockapp.core.model.theme.ThemeModelColorHint","AUTO"],"VIEW_CLASS_NAME":"android.widget.ImageButton","IMAGE_SCALE_TYPE":["android.widget.ImageView$ScaleType","FIT_XY"],"ICON_DRAWABLE":"gmd_add_circle","BACKGROUND_COLOR":["com.crane.mockapp.core.model.theme.ThemeModelColor","TRANSPARENT"],"ICON_COLOR":["com.crane.mockapp.core.model.theme.ThemeModelColor","ICON_ACTIVE"],"VIEW_ID":"ImageButton26","LAYOUT_WIDTH":-2,"LAYOUT_MIN_HEIGHT":0,"LAYOUT_HEIGHT":-2}},{"children":null,"properties":{"LAYOUT_MIN_WIDTH":0,"ICON_SIZE":24,"ICON_COLOR_HINT":["com.crane.mockapp.core.model.theme.ThemeModelColorHint","AUTO"],"VIEW_CLASS_NAME":"android.widget.ImageView","IMAGE_SCALE_TYPE":["android.widget.ImageView$ScaleType","FIT_XY"],"ICON_DRAWABLE":"gmd_add_circle","BACKGROUND_COLOR":["com.crane.mockapp.core.model.theme.ThemeModelColor","TRANSPARENT"],"ICON_COLOR":["com.crane.mockapp.core.model.theme.ThemeModelColor","ICON_ACTIVE"],"VIEW_ID":"Image27","LAYOUT_WIDTH":-2,"LAYOUT_MIN_HEIGHT":0,"LAYOUT_HEIGHT":-2}},{"children":null,"properties":{"TEXT_MIN_LINES":1,"PADDING_TOP":0,"VIEW_ID":"Radio28","LAYOUT_MIN_HEIGHT":0,"LAYOUT_WIDTH":-2,"PADDING_END":8,"LAYOUT_HEIGHT":36,"LAYOUT_MIN_WIDTH":0,"PADDING_BOTTOM":0,"TEXT_COLOR_HINT":["com.crane.mockapp.core.model.theme.ThemeModelColorHint","AUTO"],"VIEW_CLASS_NAME":"android.widget.RadioButton","TEXT_MAX_LINES":20,"PADDING_START":8,"BACKGROUND_COLOR":["com.crane.mockapp.core.model.theme.ThemeModelColor","TRANSPARENT"],"TEXT":"Radio28","TEXT_COLOR":["com.crane.mockapp.core.model.theme.ThemeModelColor","TEXT_PRIMARY"]}},{"children":null,"properties":{"TEXT_MIN_LINES":1,"PADDING_TOP":0,"VIEW_ID":"Radio29","LAYOUT_MIN_HEIGHT":0,"LAYOUT_WIDTH":-2,"PADDING_END":8,"LAYOUT_HEIGHT":36,"LAYOUT_MIN_WIDTH":0,"PADDING_BOTTOM":0,"TEXT_COLOR_HINT":["com.crane.mockapp.core.model.theme.ThemeModelColorHint","AUTO"],"VIEW_CLASS_NAME":"android.widget.RadioButton","TEXT_MAX_LINES":20,"PADDING_START":8,"BACKGROUND_COLOR":["com.crane.mockapp.core.model.theme.ThemeModelColor","TRANSPARENT"],"TEXT":"Radio29","TEXT_COLOR":["com.crane.mockapp.core.model.theme.ThemeModelColor","TEXT_PRIMARY"]}},{"children":null,"properties":{"LAYOUT_MIN_WIDTH":0,"PROGRESS_BAR_COLOR":["com.crane.mockapp.core.model.theme.ThemeModelColor","A700"],"VIEW_CLASS_NAME":"android.widget.SeekBar","BACKGROUND_COLOR":["com.crane.mockapp.core.model.theme.ThemeModelColor","TRANSPARENT"],"VIEW_ID":"Seek30","LAYOUT_WIDTH":-2,"LAYOUT_MIN_HEIGHT":0,"LAYOUT_HEIGHT":-2}}],"properties":{"LAYOUT_MIN_WIDTH":0,"VIEW_CLASS_NAME":"android.widget.LinearLayout","OUTLINE_CLIP_TO_PADDING":false,"LAYOUT_ORIENTATION":1,"BACKGROUND_COLOR":["com.crane.mockapp.core.model.theme.ThemeModelColor","TRANSPARENT"],"VIEW_ID":"Linear2","LAYOUT_WIDTH":-1,"LAYOUT_MIN_HEIGHT":0,"LAYOUT_HEIGHT":-2}}],"properties":{"LAYOUT_MIN_WIDTH":0,"VIEW_CLASS_NAME":"android.widget.ScrollView","OUTLINE_CLIP_TO_PADDING":false,"BACKGROUND_COLOR":["com.crane.mockapp.core.model.theme.ThemeModelColor","TRANSPARENT"],"VIEW_ID":"Scroll1","LAYOUT_WIDTH":-1,"LAYOUT_MIN_HEIGHT":0,"LAYOUT_HEIGHT":-1}},"layoutFullScreen":false,"navDrawerLayout":null,"onBottomSheetCollapsed":null,"onBottomSheetExpanded":null,"primaryThemeId":108,"statusBarColor":"P700","statusBarColorAlpha":100,"statusBarLight":false,"statusBarVisible":true}