{"accentThemeId":103,"bottomSheetFullScreen":false,"bottomSheetLayout":null,"bottomSheetMarginTop":0,"bottomSheetPeekHeight":0,"lastViewIndex":20,"layout":{"children":[{"children":[{"children":null,"properties":{"LAYOUT_MIN_WIDTH":0,"VIEW_CLASS_NAME":"com.crane.mockapp.core.MockApp$Tab","BACKGROUND_COLOR":["com.crane.mockapp.core.model.theme.ThemeModelColor","TRANSPARENT"],"VIEW_ID":"Tab6","TEXT":"Tab6","LAYOUT_WIDTH":-2,"LAYOUT_MIN_HEIGHT":0,"LAYOUT_HEIGHT":-2}},{"children":null,"properties":{"LAYOUT_MIN_WIDTH":0,"VIEW_CLASS_NAME":"com.crane.mockapp.core.MockApp$Tab","BACKGROUND_COLOR":["com.crane.mockapp.core.model.theme.ThemeModelColor","TRANSPARENT"],"VIEW_ID":"Tab7","TEXT":"Tab7","LAYOUT_WIDTH":-2,"LAYOUT_MIN_HEIGHT":0,"LAYOUT_HEIGHT":-2}},{"children":null,"properties":{"LAYOUT_MIN_WIDTH":0,"VIEW_CLASS_NAME":"com.crane.mockapp.core.MockApp$Tab","BACKGROUND_COLOR":["com.crane.mockapp.core.model.theme.ThemeModelColor","TRANSPARENT"],"VIEW_ID":"Tab8","TEXT":"Tab8","LAYOUT_WIDTH":-2,"LAYOUT_MIN_HEIGHT":0,"LAYOUT_HEIGHT":-2}}],"properties":{"VIEW_ID":"Tabs5","LAYOUT_WIDTH":-1,"LAYOUT_MIN_HEIGHT":0,"LAYOUT_HEIGHT":-2,"LAYOUT_MIN_WIDTH":0,"TAB_LAYOUT_VIEW_PAGER_REF":"Linear1/Pager9","TAB_LAYOUT_INDICATOR_HEIGHT":2,"VIEW_CLASS_NAME":"com.google.android.material.tabs.TabLayout","OUTLINE_CLIP_TO_PADDING":false,"TAB_LAYOUT_INDICATOR_COLOR":["com.crane.mockapp.core.model.theme.ThemeModelColor","A400"],"BACKGROUND_COLOR":["com.crane.mockapp.core.model.theme.ThemeModelColor","TRANSPARENT"],"TAB_LAYOUT_TEXT_COLORS":["[Lcom.crane.mockapp.core.model.theme.ThemeModelColor;",["TEXT_PRIMARY","TEXT_SECONDARY"]],"TAB_LAYOUT_TAB_MODE":1}},{"children":[{"children":[{"children":null,"properties":{"TEXT_MIN_LINES":1,"VIEW_ID":"Text16","LAYOUT_WIDTH":-2,"LAYOUT_MIN_HEIGHT":0,"LAYOUT_HEIGHT":-2,"LAYOUT_MIN_WIDTH":0,"TEXT_COLOR_HINT":["com.crane.mockapp.core.model.theme.ThemeModelColorHint","AUTO"],"VIEW_CLASS_NAME":"android.widget.TextView","TEXT_MAX_LINES":20,"LAYOUT_GRAVITY":17,"BACKGROUND_COLOR":["com.crane.mockapp.core.model.theme.ThemeModelColor","TRANSPARENT"],"TEXT":"Page 1","TEXT_COLOR":["com.crane.mockapp.core.model.theme.ThemeModelColor","TEXT_PRIMARY"]}},{"children":null,"properties":{"TEXT_MIN_LINES":1,"PADDING_TOP":0,"SWITCH_THUMB_COLOR_ON":["com.crane.mockapp.core.model.theme.ThemeModelColor","A400"],"VIEW_ID":"Switch19","LAYOUT_MIN_HEIGHT":0,"LAYOUT_WIDTH":-2,"PADDING_END":8,"LAYOUT_HEIGHT":36,"LAYOUT_MIN_WIDTH":0,"SWITCH_TRACK_COLOR_ON":["com.crane.mockapp.core.model.theme.ThemeModelColor","A100"],"PADDING_BOTTOM":0,"TEXT_COLOR_HINT":["com.crane.mockapp.core.model.theme.ThemeModelColorHint","AUTO"],"VIEW_CLASS_NAME":"android.widget.Switch","TEXT_MAX_LINES":20,"SWITCH_THUMB_COLOR_OFF":["com.crane.mockapp.core.model.theme.ThemeModelColor","White"],"PADDING_START":8,"BACKGROUND_COLOR":["com.crane.mockapp.core.model.theme.ThemeModelColor","TRANSPARENT"],"TEXT":"Switch19","TEXT_COLOR":["com.crane.mockapp.core.model.theme.ThemeModelColor","TEXT_PRIMARY"],"SWITCH_TRACK_COLOR_OFF":["com.crane.mockapp.core.model.theme.ThemeModelColor","P900"]}}],"properties":{"LAYOUT_MIN_WIDTH":0,"VIEW_CLASS_NAME":"android.widget.FrameLayout","OUTLINE_CLIP_TO_PADDING":false,"BACKGROUND_COLOR":["com.crane.mockapp.core.model.theme.ThemeModelColor","TRANSPARENT"],"VIEW_ID":"Frame10","LAYOUT_WIDTH":-1,"LAYOUT_MIN_HEIGHT":0,"LAYOUT_HEIGHT":-1}},{"children":[{"children":null,"properties":{"TEXT_MIN_LINES":1,"VIEW_ID":"Text17","LAYOUT_WIDTH":-2,"LAYOUT_MIN_HEIGHT":0,"LAYOUT_HEIGHT":-2,"LAYOUT_MIN_WIDTH":0,"TEXT_COLOR_HINT":["com.crane.mockapp.core.model.theme.ThemeModelColorHint","AUTO"],"VIEW_CLASS_NAME":"android.widget.TextView","TEXT_MAX_LINES":20,"LAYOUT_GRAVITY":17,"BACKGROUND_COLOR":["com.crane.mockapp.core.model.theme.ThemeModelColor","TRANSPARENT"],"TEXT":"Page 2","TEXT_COLOR":["com.crane.mockapp.core.model.theme.ThemeModelColor","TEXT_PRIMARY"]}},{"children":null,"properties":{"LAYOUT_MIN_WIDTH":0,"VIEW_CLASS_NAME":"com.crane.mockapp.core.model.widgets.HorizontalProgressBar","HORIZONTAL_PROGRESS_BAR_INDETERMINATE_COLOR":["com.crane.mockapp.core.model.theme.ThemeModelColor","A700"],"HORIZONTAL_PROGRESS_BAR_INDETERMINATE":true,"HORIZONTAL_PROGRESS_BAR_BACKGROUND_COLOR":["com.crane.mockapp.core.model.theme.ThemeModelColor","P300"],"HORIZONTAL_PROGRESS_BAR_FOREGROUND_COLOR":["com.crane.mockapp.core.model.theme.ThemeModelColor","A700"],"BACKGROUND_COLOR":["com.crane.mockapp.core.model.theme.ThemeModelColor","TRANSPARENT"],"VIEW_ID":"HProgress20","LAYOUT_WIDTH":-1,"LAYOUT_MIN_HEIGHT":0,"LAYOUT_HEIGHT":-2,"HORIZONTAL_PROGRESS_BAR_SECONDARY_FOREGROUND_COLOR":["com.crane.mockapp.core.model.theme.ThemeModelColor","A100"]}}],"properties":{"LAYOUT_MIN_WIDTH":0,"VIEW_CLASS_NAME":"android.widget.FrameLayout","OUTLINE_CLIP_TO_PADDING":false,"BACKGROUND_COLOR":["com.crane.mockapp.core.model.theme.ThemeModelColor","TRANSPARENT"],"VIEW_ID":"Frame12","LAYOUT_WIDTH":-1,"LAYOUT_MIN_HEIGHT":0,"LAYOUT_HEIGHT":-1}},{"children":[{"children":null,"properties":{"TEXT_MIN_LINES":1,"VIEW_ID":"Text18","LAYOUT_WIDTH":-2,"LAYOUT_MIN_HEIGHT":0,"LAYOUT_HEIGHT":-2,"LAYOUT_MIN_WIDTH":0,"TEXT_COLOR_HINT":["com.crane.mockapp.core.model.theme.ThemeModelColorHint","AUTO"],"VIEW_CLASS_NAME":"android.widget.TextView","TEXT_MAX_LINES":20,"LAYOUT_GRAVITY":17,"BACKGROUND_COLOR":["com.crane.mockapp.core.model.theme.ThemeModelColor","TRANSPARENT"],"TEXT":"Page 3","TEXT_COLOR":["com.crane.mockapp.core.model.theme.ThemeModelColor","TEXT_PRIMARY"]}}],"properties":{"LAYOUT_MIN_WIDTH":0,"VIEW_CLASS_NAME":"android.widget.FrameLayout","OUTLINE_CLIP_TO_PADDING":false,"BACKGROUND_COLOR":["com.crane.mockapp.core.model.theme.ThemeModelColor","TRANSPARENT"],"VIEW_ID":"Frame14","LAYOUT_WIDTH":-1,"LAYOUT_MIN_HEIGHT":0,"LAYOUT_HEIGHT":-1}}],"properties":{"LAYOUT_MIN_WIDTH":0,"VIEW_CLASS_NAME":"androidx.viewpager.widget.ViewPager","OUTLINE_CLIP_TO_PADDING":false,"BACKGROUND_COLOR":["com.crane.mockapp.core.model.theme.ThemeModelColor","TRANSPARENT"],"VIEW_ID":"Pager9","LAYOUT_WIDTH":-1,"LAYOUT_MIN_HEIGHT":0,"LAYOUT_HEIGHT":-1}}],"properties":{"LAYOUT_MIN_WIDTH":0,"VIEW_CLASS_NAME":"android.widget.LinearLayout","OUTLINE_CLIP_TO_PADDING":false,"LAYOUT_ORIENTATION":1,"BACKGROUND_COLOR":["com.crane.mockapp.core.model.theme.ThemeModelColor","TRANSPARENT"],"VIEW_ID":"Linear1","LAYOUT_WIDTH":-1,"LAYOUT_MIN_HEIGHT":0,"LAYOUT_HEIGHT":-1}},"layoutFullScreen":false,"navDrawerLayout":null,"onBottomSheetCollapsed":null,"onBottomSheetExpanded":null,"primaryThemeId":108,"statusBarColor":"P700","statusBarColorAlpha":100,"statusBarLight":false,"statusBarVisible":true}