{"accentThemeId":103,"bottomSheetFullScreen":false,"bottomSheetLayout":null,"bottomSheetMarginTop":0,"bottomSheetPeekHeight":0,"lastViewIndex":21,"layout":{"children":[{"children":[{"children":null,"properties":{"LAYOUT_MIN_WIDTH":0,"LAYOUT_WEIGHT":1,"VIEW_CLASS_NAME":"android.view.View","BACKGROUND_COLOR":["com.crane.mockapp.core.model.theme.ThemeModelColor","TRANSPARENT"],"VIEW_ID":"View21","LAYOUT_WIDTH":0,"LAYOUT_MIN_HEIGHT":0,"LAYOUT_HEIGHT":16}},{"children":null,"properties":{"SWITCH_THUMB_COLOR_OFF":["com.crane.mockapp.core.model.theme.ThemeModelColor","White"],"TEXT_MIN_LINES":1,"PADDING_TOP":0,"SWITCH_TRACK_COLOR_OFF":["com.crane.mockapp.core.model.theme.ThemeModelColor","P900"],"SWITCH_THUMB_COLOR_ON":["com.crane.mockapp.core.model.theme.ThemeModelColor","A400"],"VIEW_ID":"Switch20","LAYOUT_MIN_HEIGHT":0,"LAYOUT_WIDTH":-2,"PADDING_END":8,"LAYOUT_HEIGHT":36,"LAYOUT_MIN_WIDTH":0,"SWITCH_TRACK_COLOR_ON":["com.crane.mockapp.core.model.theme.ThemeModelColor","A100"],"PADDING_BOTTOM":0,"TEXT_COLOR_HINT":["com.crane.mockapp.core.model.theme.ThemeModelColorHint","AUTO"],"VIEW_CLASS_NAME":"android.widget.Switch","TEXT_MAX_LINES":20,"PADDING_START":8,"LAYOUT_GRAVITY":8388627,"BACKGROUND_COLOR":["com.crane.mockapp.core.model.theme.ThemeModelColor","TRANSPARENT"],"TEXT":"Switch20","TEXT_COLOR":["com.crane.mockapp.core.model.theme.ThemeModelColor","TEXT_PRIMARY"]}}],"properties":{"LAYOUT_MIN_WIDTH":0,"VIEW_CLASS_NAME":"android.widget.LinearLayout","OUTLINE_CLIP_TO_PADDING":false,"LAYOUT_ORIENTATION":0,"BACKGROUND_COLOR":["com.crane.mockapp.core.model.theme.ThemeModelColor","TRANSPARENT"],"VIEW_ID":"Linear16","LAYOUT_WIDTH":-1,"LAYOUT_MIN_HEIGHT":0,"LAYOUT_HEIGHT":-1}}],"properties":{"ELEVATION":12,"TOOLBAR_TITLE_TEXT_COLOR":["com.crane.mockapp.core.model.theme.ThemeModelColor","TEXT_PRIMARY"],"VIEW_ID":"Toolbar13","LAYOUT_WIDTH":-1,"LAYOUT_MIN_HEIGHT":56,"TOOLBAR_SUBTITLE_TEXT_COLOR":["com.crane.mockapp.core.model.theme.ThemeModelColor","TEXT_SECONDARY"],"LAYOUT_HEIGHT":56,"LAYOUT_MIN_WIDTH":24,"VIEW_CLASS_NAME":"androidx.appcompat.widget.Toolbar","OUTLINE_CLIP_TO_PADDING":false,"TOOLBAR_ACTION_ICON_COLOR":["com.crane.mockapp.core.model.theme.ThemeModelColor","ICON_ACTIVE"],"BACKGROUND_COLOR":["com.crane.mockapp.core.model.theme.ThemeModelColor","P500"],"TOOLBAR_ACTION_TEXT_COLOR":["com.crane.mockapp.core.model.theme.ThemeModelColor","TEXT_PRIMARY"]}},"layoutFullScreen":false,"navDrawerLayout":null,"onBottomSheetCollapsed":null,"onBottomSheetExpanded":null,"primaryThemeId":108,"statusBarColor":"P700","statusBarColorAlpha":100,"statusBarLight":false,"statusBarVisible":true}