{"accentThemeId":103,"bottomSheetFullScreen":false,"bottomSheetLayout":null,"bottomSheetMarginTop":0,"bottomSheetPeekHeight":0,"lastViewIndex":53,"layout":{"children":[{"children":[{"children":[{"children":[{"children":[{"children":[{"children":[{"children":[{"children":[{"children":null,"properties":{"VIEW_CLASS_NAME":"android.widget.ImageView","VIEW_ID":"Image7"}},{"children":[{"children":null,"properties":{"VIEW_CLASS_NAME":"android.widget.TextView","VIEW_ID":"Text2"}},{"children":null,"properties":{"VIEW_CLASS_NAME":"android.widget.ImageView","VIEW_ID":"Image5"}}],"properties":{"VIEW_ID":"Linear6","CUSTOM_LAYOUT_LAYOUT":{"@class":"com.crane.mockapp.core.model.layouts.PropLayoutValue","projectId":"0d3fcd7a-86b4-4af8-a669-6ab33eec65c6","layoutId":"b4b66cab-342f-465d-9bbb-31efe3dc4ce0"}}},{"children":null,"properties":{"VIEW_CLASS_NAME":"android.view.View","VIEW_ID":"View41"}},{"children":null,"properties":{"VIEW_CLASS_NAME":"android.widget.ImageView","VIEW_ID":"Image40","ON_CLICK":{"@class":"com.crane.mockapp.core.model.layouts.PropEventChangePropValues","props":[{"valueAsBoolean":false,"valueAsInt":0,"animate":"FAST","prop":"VISIBILITY","value":null,"viewIdPath":"Frame14/Frame18/Animator36/Frame37/Frame53/Linear19/Linear21/Frame31/Linear34"},{"valueAsBoolean":false,"valueAsInt":4,"animate":"FAST","prop":"VISIBILITY","value":4,"viewIdPath":"Frame14/Frame18/Animator36/Frame37/Frame53/Linear19/Linear21/Frame31/Linear33"}],"empty":false}}}],"properties":{"VIEW_CLASS_NAME":"android.widget.LinearLayout","VIEW_ID":"Linear33"}},{"children":[{"children":null,"properties":{"VIEW_CLASS_NAME":"android.widget.ImageView","VIEW_ID":"Image43","ON_CLICK":{"@class":"com.crane.mockapp.core.model.layouts.PropEventChangePropValues","props":[{"valueAsBoolean":false,"valueAsInt":4,"animate":"FAST","prop":"VISIBILITY","value":4,"viewIdPath":"Frame14/Frame18/Animator36/Frame37/Frame53/Linear19/Linear21/Frame31/Linear34"},{"valueAsBoolean":false,"valueAsInt":0,"animate":"FAST","prop":"VISIBILITY","value":null,"viewIdPath":"Frame14/Frame18/Animator36/Frame37/Frame53/Linear19/Linear21/Frame31/Linear33"}],"empty":false}}},{"children":null,"properties":{"VIEW_CLASS_NAME":"android.widget.EditText","VIEW_ID":"Edit38"}},{"children":null,"properties":{"VIEW_CLASS_NAME":"android.widget.ImageView","VIEW_ID":"Image42"}}],"properties":{"VIEW_CLASS_NAME":"android.widget.LinearLayout","VIEW_ID":"Linear34"}}],"properties":{"VIEW_CLASS_NAME":"android.widget.FrameLayout","VIEW_ID":"Frame31"}},{"children":null,"properties":{"VIEW_CLASS_NAME":"android.widget.TextView","VIEW_ID":"Text26"}},{"children":null,"properties":{"VIEW_CLASS_NAME":"android.view.View","VIEW_ID":"View29"}},{"children":[{"children":[{"children":[{"children":null,"properties":{"VIEW_CLASS_NAME":"android.widget.TextView","VIEW_ID":"Text2","ON_CLICK":{"@class":"com.crane.mockapp.core.model.layouts.PropEventChangePropValues","props":[{"valueAsBoolean":false,"valueAsInt":0,"animate":null,"prop":"TEXT_COLOR","value":["com.crane.mockapp.core.model.theme.ThemeModelColor","White"],"viewIdPath":"Frame14/Frame18/Animator36/Frame37/Frame53/Linear19/Linear21/Linear25/Frame12/Linear7/Text2"},{"valueAsBoolean":false,"valueAsInt":0,"animate":null,"prop":"BACKGROUND_COLOR","value":["com.crane.mockapp.core.model.theme.ThemeModelColor","P500"],"viewIdPath":"Frame14/Frame18/Animator36/Frame37/Frame53/Linear19/Linear21/Linear25/Frame12/Linear7/Text2"},{"valueAsBoolean":false,"valueAsInt":0,"animate":null,"prop":"TEXT_COLOR","value":["com.crane.mockapp.core.model.theme.ThemeModelColor","P500"],"viewIdPath":"Frame14/Frame18/Animator36/Frame37/Frame53/Linear19/Linear21/Linear25/Frame12/Linear7/Text3"},{"valueAsBoolean":false,"valueAsInt":0,"animate":null,"prop":"BACKGROUND_COLOR","value":["com.crane.mockapp.core.model.theme.ThemeModelColor","White"],"viewIdPath":"Frame14/Frame18/Animator36/Frame37/Frame53/Linear19/Linear21/Linear25/Frame12/Linear7/Text3"}],"empty":false}}},{"children":null,"properties":{"VIEW_CLASS_NAME":"android.widget.TextView","VIEW_ID":"Text3","ON_CLICK":{"@class":"com.crane.mockapp.core.model.layouts.PropEventChangePropValues","props":[{"valueAsBoolean":false,"valueAsInt":0,"animate":null,"prop":"TEXT_COLOR","value":["com.crane.mockapp.core.model.theme.ThemeModelColor","P500"],"viewIdPath":"Frame14/Frame18/Animator36/Frame37/Frame53/Linear19/Linear21/Linear25/Frame12/Linear7/Text2"},{"valueAsBoolean":false,"valueAsInt":0,"animate":null,"prop":"BACKGROUND_COLOR","value":["com.crane.mockapp.core.model.theme.ThemeModelColor","White"],"viewIdPath":"Frame14/Frame18/Animator36/Frame37/Frame53/Linear19/Linear21/Linear25/Frame12/Linear7/Text2"},{"valueAsBoolean":false,"valueAsInt":0,"animate":null,"prop":"TEXT_COLOR","value":["com.crane.mockapp.core.model.theme.ThemeModelColor","White"],"viewIdPath":"Frame14/Frame18/Animator36/Frame37/Frame53/Linear19/Linear21/Linear25/Frame12/Linear7/Text3"},{"valueAsBoolean":false,"valueAsInt":0,"animate":null,"prop":"BACKGROUND_COLOR","value":["com.crane.mockapp.core.model.theme.ThemeModelColor","P500"],"viewIdPath":"Frame14/Frame18/Animator36/Frame37/Frame53/Linear19/Linear21/Linear25/Frame12/Linear7/Text3"}],"empty":false}}}],"properties":{"VIEW_CLASS_NAME":"android.widget.LinearLayout","VIEW_ID":"Linear7"}}],"properties":{"VIEW_ID":"Frame12","CUSTOM_LAYOUT_LAYOUT":{"@class":"com.crane.mockapp.core.model.layouts.PropLayoutValue","projectId":"0d3fcd7a-86b4-4af8-a669-6ab33eec65c6","layoutId":"5e2f8351-5f62-4821-93a2-6303942ad44b"}}},{"children":[{"children":null,"properties":{"VIEW_CLASS_NAME":"android.widget.TextView","VIEW_ID":"Text2"}},{"children":null,"properties":{"VIEW_CLASS_NAME":"android.widget.ImageView","VIEW_ID":"Image5"}}],"properties":{"VIEW_ID":"Linear13","CUSTOM_LAYOUT_LAYOUT":{"@class":"com.crane.mockapp.core.model.layouts.PropLayoutValue","projectId":"0d3fcd7a-86b4-4af8-a669-6ab33eec65c6","layoutId":"b4b66cab-342f-465d-9bbb-31efe3dc4ce0"}}},{"children":[{"children":null,"properties":{"VIEW_CLASS_NAME":"android.widget.TextView","VIEW_ID":"Text2"}},{"children":null,"properties":{"VIEW_CLASS_NAME":"android.widget.ImageView","VIEW_ID":"Image5"}}],"properties":{"VIEW_ID":"Linear14","CUSTOM_LAYOUT_LAYOUT":{"@class":"com.crane.mockapp.core.model.layouts.PropLayoutValue","projectId":"0d3fcd7a-86b4-4af8-a669-6ab33eec65c6","layoutId":"b4b66cab-342f-465d-9bbb-31efe3dc4ce0"}}}],"properties":{"VIEW_CLASS_NAME":"android.widget.LinearLayout","VIEW_ID":"Linear25"}},{"children":null,"properties":{"VIEW_CLASS_NAME":"android.view.View","VIEW_ID":"View30"}}],"properties":{"VIEW_CLASS_NAME":"android.widget.LinearLayout","VIEW_ID":"Linear21"}},{"children":null,"properties":{"VIEW_CLASS_NAME":"androidx.recyclerview.widget.RecyclerView","VIEW_ID":"Recycler7","LAYOUT_HEIGHT":0,"RECYCLER_VIEW_ITEM_PADDING_BOTTOM":80,"LAYOUT_MIN_WIDTH":0,"RECYCLER_VIEW_ITEM_LAYOUT":{"@class":"com.crane.mockapp.core.model.layouts.PropLayoutValue","projectId":"0d3fcd7a-86b4-4af8-a669-6ab33eec65c6","layoutId":"f15f7e8f-2457-4814-a86f-22a615ac95f2"},"OUTLINE_CLIP_TO_OUTLINE":true,"LAYOUT_WIDTH":-1,"LAYOUT_MIN_HEIGHT":0,"LAYOUT_WEIGHT":1,"OUTLINE_CLIP_TO_PADDING":true,"RECYCLER_VIEW_LAYOUT_SPANS":1,"OUTLINE_ENABLED":true,"RECYCLER_VIEW_ITEM_PADDING":16,"RECYCLER_VIEW_ITEM_COUNT":27,"BACKGROUND_COLOR":["com.crane.mockapp.core.model.theme.ThemeModelColor","TRANSPARENT"]}}],"properties":{"VIEW_CLASS_NAME":"android.widget.LinearLayout","VIEW_ID":"Linear19"}},{"children":[{"children":[{"children":null,"properties":{"VIEW_CLASS_NAME":"android.widget.ImageView","VIEW_ID":"Image5"}}],"properties":{"VIEW_CLASS_NAME":"android.widget.FrameLayout","VIEW_ID":"Frame4"}}],"properties":{"VIEW_ID":"Frame20","CUSTOM_LAYOUT_LAYOUT":{"@class":"com.crane.mockapp.core.model.layouts.PropLayoutValue","projectId":"54fd0202-da79-42cf-8ae5-4b78f5592a03","layoutId":"46378982-bda6-426f-859e-522a84f47c7e"}}}],"properties":{"VIEW_ID":"Frame53","CUSTOM_LAYOUT_LAYOUT":{"@class":"com.crane.mockapp.core.model.layouts.PropLayoutValue","projectId":"0d3fcd7a-86b4-4af8-a669-6ab33eec65c6","layoutId":"5f032354-10df-4694-9e1d-00061d4b63cb"}}}],"properties":{"VIEW_CLASS_NAME":"android.widget.FrameLayout","VIEW_ID":"Frame37","LAYOUT_HEIGHT":-1,"LAYOUT_MIN_WIDTH":0,"LAYOUT_WIDTH":-1,"LAYOUT_MIN_HEIGHT":0,"OUTLINE_CLIP_TO_PADDING":false,"BACKGROUND_COLOR":["com.crane.mockapp.core.model.theme.ThemeModelColor","TRANSPARENT"]}},{"children":[{"children":[{"children":null,"properties":{"VIEW_CLASS_NAME":"android.widget.TextView","VIEW_ID":"Text4"}},{"children":null,"properties":{"VIEW_CLASS_NAME":"android.widget.TextView","VIEW_ID":"Text5"}},{"children":null,"properties":{"VIEW_CLASS_NAME":"android.view.View","VIEW_ID":"View8"}},{"children":null,"properties":{"VIEW_CLASS_NAME":"androidx.recyclerview.widget.RecyclerView","VIEW_ID":"Recycler7","LAYOUT_HEIGHT":0,"LAYOUT_MIN_WIDTH":0,"RECYCLER_VIEW_ITEM_LAYOUT":{"@class":"com.crane.mockapp.core.model.layouts.PropLayoutValue","projectId":"0d3fcd7a-86b4-4af8-a669-6ab33eec65c6","layoutId":"bcde1a55-87ea-409e-b6e7-575f089818ab"},"OUTLINE_CLIP_TO_OUTLINE":true,"LAYOUT_WIDTH":-1,"LAYOUT_MIN_HEIGHT":0,"LAYOUT_WEIGHT":1,"OUTLINE_CLIP_TO_PADDING":true,"OUTLINE_ENABLED":true,"RECYCLER_VIEW_ITEM_COUNT":27,"BACKGROUND_COLOR":["com.crane.mockapp.core.model.theme.ThemeModelColor","TRANSPARENT"]}}],"properties":{"VIEW_ID":"Linear51","CUSTOM_LAYOUT_LAYOUT":{"@class":"com.crane.mockapp.core.model.layouts.PropLayoutValue","projectId":"0d3fcd7a-86b4-4af8-a669-6ab33eec65c6","layoutId":"0905a0af-0d22-4ce0-8718-209edac044d1"}}}],"properties":{"VIEW_CLASS_NAME":"android.widget.FrameLayout","VIEW_ID":"Frame39","LAYOUT_HEIGHT":-1,"LAYOUT_MIN_WIDTH":0,"LAYOUT_WIDTH":-1,"LAYOUT_MIN_HEIGHT":0,"OUTLINE_CLIP_TO_PADDING":false,"BACKGROUND_COLOR":["com.crane.mockapp.core.model.theme.ThemeModelColor","TRANSPARENT"]}},{"children":[{"children":null,"properties":{"VIEW_CLASS_NAME":"android.widget.TextView","VIEW_ID":"Text45","LAYOUT_HEIGHT":-2,"TEXT_COLOR":["com.crane.mockapp.core.model.theme.ThemeModelColor","TEXT_PRIMARY"],"TEXT_COLOR_HINT":["com.crane.mockapp.core.model.theme.ThemeModelColorHint","AUTO"],"LAYOUT_MIN_WIDTH":0,"TEXT_MIN_LINES":1,"LAYOUT_WIDTH":-2,"LAYOUT_MIN_HEIGHT":0,"LAYOUT_GRAVITY":17,"TEXT":"news","TEXT_MAX_LINES":20,"BACKGROUND_COLOR":["com.crane.mockapp.core.model.theme.ThemeModelColor","TRANSPARENT"]}}],"properties":{"VIEW_CLASS_NAME":"android.widget.FrameLayout","VIEW_ID":"Frame41","LAYOUT_HEIGHT":-1,"LAYOUT_MIN_WIDTH":0,"LAYOUT_WIDTH":-1,"LAYOUT_MIN_HEIGHT":0,"OUTLINE_CLIP_TO_PADDING":false,"BACKGROUND_COLOR":["com.crane.mockapp.core.model.theme.ThemeModelColor","TRANSPARENT"]}},{"children":[{"children":[{"children":[{"children":[{"children":null,"properties":{"VIEW_CLASS_NAME":"android.widget.TextView","VIEW_ID":"Text6"}},{"children":null,"properties":{"VIEW_CLASS_NAME":"android.widget.TextView","VIEW_ID":"Text7"}}],"properties":{"VIEW_CLASS_NAME":"android.widget.LinearLayout","VIEW_ID":"Linear2"}},{"children":null,"properties":{"VIEW_CLASS_NAME":"android.view.View","VIEW_ID":"View12"}},{"children":[{"children":[{"children":null,"properties":{"VIEW_CLASS_NAME":"android.widget.TextView","VIEW_ID":"Text11"}}],"properties":{"VIEW_CLASS_NAME":"android.widget.FrameLayout","VIEW_ID":"Frame10"}}],"properties":{"VIEW_CLASS_NAME":"android.widget.FrameLayout","VIEW_ID":"Frame8"}}],"properties":{"VIEW_ID":"Frame34","CUSTOM_LAYOUT_LAYOUT":{"@class":"com.crane.mockapp.core.model.layouts.PropLayoutValue","projectId":"0d3fcd7a-86b4-4af8-a669-6ab33eec65c6","layoutId":"8645d2a6-c6a1-4140-b066-cecd797be880"}}},{"children":[{"children":null,"properties":{"VIEW_CLASS_NAME":"android.widget.ImageView","VIEW_ID":"Image17"}},{"children":[{"children":null,"properties":{"VIEW_CLASS_NAME":"android.widget.TextView","VIEW_ID":"Text7"}},{"children":null,"properties":{"VIEW_CLASS_NAME":"android.widget.ImageView","VIEW_ID":"Image8"}},{"children":[{"children":null,"properties":{"VIEW_CLASS_NAME":"android.widget.TextView","VIEW_ID":"Text23"}},{"children":null,"properties":{"VIEW_CLASS_NAME":"android.widget.TextView","VIEW_ID":"Text24"}},{"children":null,"properties":{"VIEW_CLASS_NAME":"android.widget.TextView","VIEW_ID":"Text25"}}],"properties":{"VIEW_CLASS_NAME":"android.widget.FrameLayout","VIEW_ID":"Frame20"}},{"children":null,"properties":{"VIEW_CLASS_NAME":"android.view.View","VIEW_ID":"View19"}},{"children":null,"properties":{"VIEW_CLASS_NAME":"android.widget.TextView","VIEW_ID":"Text13"}},{"children":null,"properties":{"VIEW_CLASS_NAME":"android.view.View","VIEW_ID":"View18"}},{"children":null,"properties":{"VIEW_CLASS_NAME":"android.widget.Button","VIEW_ID":"Button14"}},{"children":null,"properties":{"VIEW_CLASS_NAME":"android.widget.Button","VIEW_ID":"Button15"}},{"children":null,"properties":{"VIEW_CLASS_NAME":"android.widget.Button","VIEW_ID":"Button16"}}],"properties":{"VIEW_CLASS_NAME":"android.widget.LinearLayout","VIEW_ID":"Linear3"}}],"properties":{"VIEW_CLASS_NAME":"android.widget.FrameLayout","VIEW_ID":"Frame31"}}],"properties":{"VIEW_ID":"Linear52","CUSTOM_LAYOUT_LAYOUT":{"@class":"com.crane.mockapp.core.model.layouts.PropLayoutValue","projectId":"0d3fcd7a-86b4-4af8-a669-6ab33eec65c6","layoutId":"e594b5a8-8cd4-494e-a99f-90f2d77f4df6"}}}],"properties":{"VIEW_CLASS_NAME":"android.widget.FrameLayout","VIEW_ID":"Frame48","LAYOUT_HEIGHT":-1,"LAYOUT_MIN_WIDTH":0,"LAYOUT_WIDTH":-1,"LAYOUT_MIN_HEIGHT":0,"OUTLINE_CLIP_TO_PADDING":false,"BACKGROUND_COLOR":["com.crane.mockapp.core.model.theme.ThemeModelColor","TRANSPARENT"]}},{"children":[{"children":null,"properties":{"VIEW_CLASS_NAME":"android.widget.TextView","VIEW_ID":"Text43","LAYOUT_HEIGHT":-2,"TEXT_COLOR":["com.crane.mockapp.core.model.theme.ThemeModelColor","TEXT_PRIMARY"],"TEXT_COLOR_HINT":["com.crane.mockapp.core.model.theme.ThemeModelColorHint","AUTO"],"LAYOUT_MIN_WIDTH":0,"TEXT_MIN_LINES":1,"LAYOUT_WIDTH":-2,"LAYOUT_MIN_HEIGHT":0,"LAYOUT_GRAVITY":17,"TEXT":"setting","TEXT_MAX_LINES":20,"BACKGROUND_COLOR":["com.crane.mockapp.core.model.theme.ThemeModelColor","TRANSPARENT"]}}],"properties":{"VIEW_CLASS_NAME":"android.widget.FrameLayout","VIEW_ID":"Frame49","LAYOUT_HEIGHT":-1,"LAYOUT_MIN_WIDTH":0,"LAYOUT_WIDTH":-1,"LAYOUT_MIN_HEIGHT":0,"OUTLINE_CLIP_TO_PADDING":false,"BACKGROUND_COLOR":["com.crane.mockapp.core.model.theme.ThemeModelColor","TRANSPARENT"]}}],"properties":{"VIEW_CLASS_NAME":"android.widget.ViewAnimator","VIEW_ID":"Animator36","LAYOUT_HEIGHT":-1,"LAYOUT_MIN_WIDTH":0,"LAYOUT_WIDTH":-1,"LAYOUT_MIN_HEIGHT":0,"OUTLINE_CLIP_TO_PADDING":false,"BACKGROUND_COLOR":["com.crane.mockapp.core.model.theme.ThemeModelColor","TRANSPARENT"]}}],"properties":{"VIEW_CLASS_NAME":"android.widget.FrameLayout","VIEW_ID":"Frame18","LAYOUT_HEIGHT":-1,"LAYOUT_MARGIN_BOTTOM":56,"LAYOUT_MARGIN_START":0,"LAYOUT_MIN_WIDTH":0,"LAYOUT_WIDTH":-1,"LAYOUT_MARGIN_END":0,"LAYOUT_MIN_HEIGHT":0,"OUTLINE_CLIP_TO_PADDING":false,"BACKGROUND_COLOR":["com.crane.mockapp.core.model.theme.ThemeModelColor","TRANSPARENT"],"LAYOUT_MARGIN_TOP":0}},{"children":[{"children":[{"children":[{"children":null,"properties":{"VIEW_CLASS_NAME":"android.widget.ImageView","VIEW_ID":"ImageView_5","LAYOUT_HEIGHT":24,"ICON_SIZE":24,"OUTLINE_CLIP_TO_OUTLINE":true,"LAYOUT_WIDTH":24,"LAYOUT_GRAVITY":49,"IMAGE_SCALE_TYPE":["android.widget.ImageView$ScaleType","FIT_XY"],"LAYOUT_MARGIN_TOP":16,"OUTLINE_OFFSET":0,"LAYOUT_MARGIN_BOTTOM":0,"OUTLINE_RADIUS":18,"LAYOUT_MARGIN_START":0,"ON_CLICK":{"@class":"com.crane.mockapp.core.model.layouts.PropEventOpenCustomLayoutValue","layoutValue":null,"openAs":"ACTIVITY","empty":true},"OUTLINE_ENABLED":false,"ICON_COLOR":["com.crane.mockapp.core.model.theme.ThemeModelColor","ICON_ACTIVE"],"LAYOUT_MARGIN_END":0,"ICON_DRAWABLE":"gmd_star_border","VISIBILITY":0,"ELEVATION":0,"BACKGROUND_COLOR":["com.crane.mockapp.core.model.theme.ThemeModelColor","TRANSPARENT"]}},{"children":null,"properties":{"VIEW_CLASS_NAME":"android.widget.TextView","VIEW_ID":"TextView_6","LAYOUT_HEIGHT":-2,"TEXT_COLOR":["com.crane.mockapp.core.model.theme.ThemeModelColor","TEXT_PRIMARY"],"TEXT_MIN_LINES":1,"LAYOUT_WIDTH":-2,"LAYOUT_GRAVITY":81,"TEXT":"Favorites","LAYOUT_MARGIN_TOP":0,"LAYOUT_MARGIN_BOTTOM":8,"LAYOUT_MARGIN_START":0,"TEXT_MAX_LINES":1,"TEXT_SIZE":12,"LAYOUT_MARGIN_END":0,"VISIBILITY":4,"BACKGROUND_COLOR":["com.crane.mockapp.core.model.theme.ThemeModelColor","TRANSPARENT"]}}],"properties":{"VIEW_CLASS_NAME":"android.widget.FrameLayout","VIEW_ID":"Button_7","PADDING_START":12,"LAYOUT_HEIGHT":56,"ON_CLICK":{"@class":"com.crane.mockapp.core.model.layouts.PropEventChangePropValues","props":[{"valueAsBoolean":false,"valueAsInt":6,"animate":"FAST","prop":"LAYOUT_MARGIN_TOP","value":6,"viewIdPath":"Frame14/Frame21/Linear23/Button_7/ImageView_5"},{"valueAsBoolean":false,"valueAsInt":16,"animate":"FAST","prop":"LAYOUT_MARGIN_TOP","value":16,"viewIdPath":"Frame14/Frame21/Linear23/Button_8/ImageView_5"},{"valueAsBoolean":false,"valueAsInt":16,"animate":"FAST","prop":"LAYOUT_MARGIN_TOP","value":16,"viewIdPath":"Frame14/Frame21/Linear23/Button_9/ImageView_5"},{"valueAsBoolean":false,"valueAsInt":0,"animate":"FAST","prop":"VISIBILITY","value":0,"viewIdPath":"Frame14/Frame21/Linear23/Button_7/TextView_6"},{"valueAsBoolean":false,"valueAsInt":4,"animate":"FAST","prop":"VISIBILITY","value":4,"viewIdPath":"Frame14/Frame21/Linear23/Button_8/TextView_6"},{"valueAsBoolean":false,"valueAsInt":4,"animate":"FAST","prop":"VISIBILITY","value":4,"viewIdPath":"Frame14/Frame21/Linear23/Button_9/TextView_6"},{"valueAsBoolean":false,"valueAsInt":16,"animate":"FAST","prop":"LAYOUT_MARGIN_TOP","value":16,"viewIdPath":"Frame14/Frame21/Linear23/Button5/ImageView_5"},{"valueAsBoolean":false,"valueAsInt":4,"animate":"FAST","prop":"VISIBILITY","value":4,"viewIdPath":"Frame14/Frame21/Linear23/Button5/TextView_6"},{"valueAsBoolean":false,"valueAsInt":16,"animate":"FAST","prop":"LAYOUT_MARGIN_TOP","value":16,"viewIdPath":"Frame14/Frame21/Linear23/Button6/ImageView_5"},{"valueAsBoolean":false,"valueAsInt":4,"animate":"FAST","prop":"VISIBILITY","value":4,"viewIdPath":"Frame14/Frame21/Linear23/Button6/TextView_6"},{"valueAsBoolean":false,"valueAsInt":0,"animate":null,"prop":"VISIBILITY","value":null,"viewIdPath":"Frame14/Frame18/Animator36/Frame39"}],"empty":false},"LAYOUT_WIDTH":0,"PADDING_TOP":0,"PADDING_BOTTOM":0,"PADDING_END":12,"LAYOUT_WEIGHT":1,"VISIBILITY":0,"BACKGROUND_COLOR":["com.crane.mockapp.core.model.theme.ThemeModelColor","RIPPLE"]}},{"children":[{"children":null,"properties":{"VIEW_CLASS_NAME":"android.widget.ImageView","VIEW_ID":"ImageView_5","LAYOUT_HEIGHT":24,"ICON_SIZE":24,"OUTLINE_CLIP_TO_OUTLINE":true,"LAYOUT_WIDTH":24,"LAYOUT_GRAVITY":49,"IMAGE_SCALE_TYPE":["android.widget.ImageView$ScaleType","FIT_XY"],"LAYOUT_MARGIN_TOP":16,"OUTLINE_OFFSET":0,"LAYOUT_MARGIN_BOTTOM":0,"OUTLINE_RADIUS":18,"LAYOUT_MARGIN_START":0,"ON_CLICK":{"@class":"com.crane.mockapp.core.model.layouts.PropEventOpenCustomLayoutValue","layoutValue":null,"openAs":"ACTIVITY","empty":true},"OUTLINE_ENABLED":false,"ICON_COLOR":["com.crane.mockapp.core.model.theme.ThemeModelColor","ICON_ACTIVE"],"LAYOUT_MARGIN_END":0,"ICON_DRAWABLE":"gmd_book","VISIBILITY":0,"ELEVATION":0,"BACKGROUND_COLOR":["com.crane.mockapp.core.model.theme.ThemeModelColor","TRANSPARENT"]}},{"children":null,"properties":{"VIEW_CLASS_NAME":"android.widget.TextView","VIEW_ID":"TextView_6","LAYOUT_HEIGHT":-2,"TEXT_COLOR":["com.crane.mockapp.core.model.theme.ThemeModelColor","TEXT_PRIMARY"],"TEXT_MIN_LINES":1,"LAYOUT_WIDTH":-2,"LAYOUT_GRAVITY":81,"TEXT":"News","LAYOUT_MARGIN_TOP":0,"LAYOUT_MARGIN_BOTTOM":8,"LAYOUT_MARGIN_START":0,"TEXT_MAX_LINES":1,"TEXT_SIZE":12,"LAYOUT_MARGIN_END":0,"VISIBILITY":4,"BACKGROUND_COLOR":["com.crane.mockapp.core.model.theme.ThemeModelColor","TRANSPARENT"]}}],"properties":{"VIEW_CLASS_NAME":"android.widget.FrameLayout","VIEW_ID":"Button_8","PADDING_START":12,"LAYOUT_HEIGHT":56,"ON_CLICK":{"@class":"com.crane.mockapp.core.model.layouts.PropEventChangePropValues","props":[{"valueAsBoolean":false,"valueAsInt":16,"animate":"FAST","prop":"LAYOUT_MARGIN_TOP","value":16,"viewIdPath":"Frame14/Frame21/Linear23/Button_7/ImageView_5"},{"valueAsBoolean":false,"valueAsInt":6,"animate":"FAST","prop":"LAYOUT_MARGIN_TOP","value":6,"viewIdPath":"Frame14/Frame21/Linear23/Button_8/ImageView_5"},{"valueAsBoolean":false,"valueAsInt":16,"animate":"FAST","prop":"LAYOUT_MARGIN_TOP","value":16,"viewIdPath":"Frame14/Frame21/Linear23/Button_9/ImageView_5"},{"valueAsBoolean":false,"valueAsInt":4,"animate":"FAST","prop":"VISIBILITY","value":4,"viewIdPath":"Frame14/Frame21/Linear23/Button_7/TextView_6"},{"valueAsBoolean":false,"valueAsInt":0,"animate":"FAST","prop":"VISIBILITY","value":0,"viewIdPath":"Frame14/Frame21/Linear23/Button_8/TextView_6"},{"valueAsBoolean":false,"valueAsInt":4,"animate":"FAST","prop":"VISIBILITY","value":4,"viewIdPath":"Frame14/Frame21/Linear23/Button_9/TextView_6"},{"valueAsBoolean":false,"valueAsInt":16,"animate":"FAST","prop":"LAYOUT_MARGIN_TOP","value":16,"viewIdPath":"Frame14/Frame21/Linear23/Button5/ImageView_5"},{"valueAsBoolean":false,"valueAsInt":4,"animate":"FAST","prop":"VISIBILITY","value":4,"viewIdPath":"Frame14/Frame21/Linear23/Button5/TextView_6"},{"valueAsBoolean":false,"valueAsInt":16,"animate":"FAST","prop":"LAYOUT_MARGIN_TOP","value":16,"viewIdPath":"Frame14/Frame21/Linear23/Button6/ImageView_5"},{"valueAsBoolean":false,"valueAsInt":0,"animate":null,"prop":"VISIBILITY","value":null,"viewIdPath":"Frame14/Frame18/Animator36/Frame41"}],"empty":false},"LAYOUT_WIDTH":0,"PADDING_TOP":0,"PADDING_BOTTOM":0,"PADDING_END":12,"LAYOUT_WEIGHT":1,"VISIBILITY":0,"BACKGROUND_COLOR":["com.crane.mockapp.core.model.theme.ThemeModelColor","RIPPLE"]}},{"children":[{"children":null,"properties":{"VIEW_CLASS_NAME":"android.widget.ImageView","VIEW_ID":"ImageView_5","LAYOUT_HEIGHT":24,"ICON_SIZE":24,"OUTLINE_CLIP_TO_OUTLINE":true,"LAYOUT_WIDTH":24,"LAYOUT_GRAVITY":49,"IMAGE_SCALE_TYPE":["android.widget.ImageView$ScaleType","FIT_XY"],"LAYOUT_MARGIN_TOP":6,"OUTLINE_OFFSET":0,"LAYOUT_MARGIN_BOTTOM":0,"OUTLINE_RADIUS":18,"LAYOUT_MARGIN_START":0,"ON_CLICK":{"@class":"com.crane.mockapp.core.model.layouts.PropEventOpenCustomLayoutValue","layoutValue":null,"openAs":"ACTIVITY","empty":true},"OUTLINE_ENABLED":false,"ICON_COLOR":["com.crane.mockapp.core.model.theme.ThemeModelColor","ICON_ACTIVE"],"LAYOUT_MARGIN_END":0,"ICON_DRAWABLE":"gmd_home","VISIBILITY":0,"ELEVATION":0,"BACKGROUND_COLOR":["com.crane.mockapp.core.model.theme.ThemeModelColor","TRANSPARENT"]}},{"children":null,"properties":{"VIEW_CLASS_NAME":"android.widget.TextView","VIEW_ID":"TextView_6","LAYOUT_HEIGHT":-2,"TEXT_COLOR":["com.crane.mockapp.core.model.theme.ThemeModelColor","TEXT_PRIMARY"],"TEXT_MIN_LINES":1,"LAYOUT_WIDTH":-2,"LAYOUT_GRAVITY":81,"TEXT":"Home","LAYOUT_MARGIN_TOP":0,"LAYOUT_MARGIN_BOTTOM":8,"LAYOUT_MARGIN_START":0,"TEXT_MAX_LINES":1,"TEXT_SIZE":12,"LAYOUT_MARGIN_END":0,"VISIBILITY":0,"BACKGROUND_COLOR":["com.crane.mockapp.core.model.theme.ThemeModelColor","TRANSPARENT"]}}],"properties":{"VIEW_CLASS_NAME":"android.widget.FrameLayout","VIEW_ID":"Button_9","PADDING_START":12,"LAYOUT_HEIGHT":56,"ON_CLICK":{"@class":"com.crane.mockapp.core.model.layouts.PropEventChangePropValues","props":[{"valueAsBoolean":false,"valueAsInt":16,"animate":"FAST","prop":"LAYOUT_MARGIN_TOP","value":16,"viewIdPath":"Frame14/Frame21/Linear23/Button_7/ImageView_5"},{"valueAsBoolean":false,"valueAsInt":16,"animate":"FAST","prop":"LAYOUT_MARGIN_TOP","value":16,"viewIdPath":"Frame14/Frame21/Linear23/Button_8/ImageView_5"},{"valueAsBoolean":false,"valueAsInt":6,"animate":"FAST","prop":"LAYOUT_MARGIN_TOP","value":6,"viewIdPath":"Frame14/Frame21/Linear23/Button_9/ImageView_5"},{"valueAsBoolean":false,"valueAsInt":4,"animate":"FAST","prop":"VISIBILITY","value":4,"viewIdPath":"Frame14/Frame21/Linear23/Button_7/TextView_6"},{"valueAsBoolean":false,"valueAsInt":4,"animate":"FAST","prop":"VISIBILITY","value":4,"viewIdPath":"Frame14/Frame21/Linear23/Button_8/TextView_6"},{"valueAsBoolean":false,"valueAsInt":0,"animate":"FAST","prop":"VISIBILITY","value":0,"viewIdPath":"Frame14/Frame21/Linear23/Button_9/TextView_6"},{"valueAsBoolean":false,"valueAsInt":16,"animate":"FAST","prop":"LAYOUT_MARGIN_TOP","value":16,"viewIdPath":"Frame14/Frame21/Linear23/Button5/ImageView_5"},{"valueAsBoolean":false,"valueAsInt":4,"animate":"FAST","prop":"VISIBILITY","value":4,"viewIdPath":"Frame14/Frame21/Linear23/Button5/TextView_6"},{"valueAsBoolean":false,"valueAsInt":16,"animate":"FAST","prop":"LAYOUT_MARGIN_TOP","value":16,"viewIdPath":"Frame14/Frame21/Linear23/Button6/ImageView_5"},{"valueAsBoolean":false,"valueAsInt":4,"animate":"FAST","prop":"VISIBILITY","value":4,"viewIdPath":"Frame14/Frame21/Linear23/Button6/TextView_6"},{"valueAsBoolean":false,"valueAsInt":0,"animate":null,"prop":"VISIBILITY","value":null,"viewIdPath":"Frame14/Frame18/Animator36/Frame37"}],"empty":false},"LAYOUT_WIDTH":0,"PADDING_TOP":0,"PADDING_BOTTOM":0,"PADDING_END":12,"LAYOUT_WEIGHT":1,"VISIBILITY":0,"BACKGROUND_COLOR":["com.crane.mockapp.core.model.theme.ThemeModelColor","RIPPLE"]}},{"children":[{"children":null,"properties":{"VIEW_CLASS_NAME":"android.widget.ImageView","VIEW_ID":"ImageView_5","LAYOUT_HEIGHT":24,"ICON_SIZE":24,"OUTLINE_CLIP_TO_OUTLINE":true,"LAYOUT_WIDTH":24,"LAYOUT_GRAVITY":49,"IMAGE_SCALE_TYPE":["android.widget.ImageView$ScaleType","FIT_XY"],"LAYOUT_MARGIN_TOP":16,"OUTLINE_OFFSET":0,"LAYOUT_MARGIN_BOTTOM":0,"OUTLINE_RADIUS":18,"LAYOUT_MARGIN_START":0,"ON_CLICK":{"@class":"com.crane.mockapp.core.model.layouts.PropEventOpenCustomLayoutValue","layoutValue":null,"openAs":"ACTIVITY","empty":true},"OUTLINE_ENABLED":false,"ICON_COLOR":["com.crane.mockapp.core.model.theme.ThemeModelColor","ICON_ACTIVE"],"LAYOUT_MARGIN_END":0,"ICON_DRAWABLE":"gmd_gamepad","VISIBILITY":0,"ELEVATION":0,"BACKGROUND_COLOR":["com.crane.mockapp.core.model.theme.ThemeModelColor","TRANSPARENT"]}},{"children":null,"properties":{"VIEW_CLASS_NAME":"android.widget.TextView","VIEW_ID":"TextView_6","LAYOUT_HEIGHT":-2,"TEXT_COLOR":["com.crane.mockapp.core.model.theme.ThemeModelColor","TEXT_PRIMARY"],"TEXT_MIN_LINES":1,"LAYOUT_WIDTH":-2,"LAYOUT_GRAVITY":81,"TEXT":"Game","LAYOUT_MARGIN_TOP":0,"LAYOUT_MARGIN_BOTTOM":8,"LAYOUT_MARGIN_START":0,"TEXT_MAX_LINES":1,"TEXT_SIZE":12,"LAYOUT_MARGIN_END":0,"VISIBILITY":4,"BACKGROUND_COLOR":["com.crane.mockapp.core.model.theme.ThemeModelColor","TRANSPARENT"]}}],"properties":{"VIEW_CLASS_NAME":"android.widget.FrameLayout","VIEW_ID":"Button5","PADDING_START":12,"LAYOUT_HEIGHT":56,"ON_CLICK":{"@class":"com.crane.mockapp.core.model.layouts.PropEventChangePropValues","props":[{"valueAsBoolean":false,"valueAsInt":16,"animate":"FAST","prop":"LAYOUT_MARGIN_TOP","value":16,"viewIdPath":"Frame14/Frame21/Linear23/Button_7/ImageView_5"},{"valueAsBoolean":false,"valueAsInt":16,"animate":"FAST","prop":"LAYOUT_MARGIN_TOP","value":16,"viewIdPath":"Frame14/Frame21/Linear23/Button_8/ImageView_5"},{"valueAsBoolean":false,"valueAsInt":4,"animate":"FAST","prop":"VISIBILITY","value":4,"viewIdPath":"Frame14/Frame21/Linear23/Button_7/TextView_6"},{"valueAsBoolean":false,"valueAsInt":4,"animate":"FAST","prop":"VISIBILITY","value":4,"viewIdPath":"Frame14/Frame21/Linear23/Button_8/TextView_6"},{"valueAsBoolean":false,"valueAsInt":6,"animate":"FAST","prop":"LAYOUT_MARGIN_TOP","value":6,"viewIdPath":"Frame14/Frame21/Linear23/Button5/ImageView_5"},{"valueAsBoolean":false,"valueAsInt":0,"animate":"FAST","prop":"VISIBILITY","value":0,"viewIdPath":"Frame14/Frame21/Linear23/Button5/TextView_6"},{"valueAsBoolean":false,"valueAsInt":16,"animate":"FAST","prop":"LAYOUT_MARGIN_TOP","value":16,"viewIdPath":"Frame14/Frame21/Linear23/Button_9/ImageView_5"},{"valueAsBoolean":false,"valueAsInt":4,"animate":"FAST","prop":"VISIBILITY","value":4,"viewIdPath":"Frame14/Frame21/Linear23/Button_9/TextView_6"},{"valueAsBoolean":false,"valueAsInt":16,"animate":"FAST","prop":"LAYOUT_MARGIN_TOP","value":16,"viewIdPath":"Frame14/Frame21/Linear23/Button6/ImageView_5"},{"valueAsBoolean":false,"valueAsInt":4,"animate":"FAST","prop":"VISIBILITY","value":4,"viewIdPath":"Frame14/Frame21/Linear23/Button6/TextView_6"},{"valueAsBoolean":false,"valueAsInt":0,"animate":null,"prop":"VISIBILITY","value":null,"viewIdPath":"Frame14/Frame18/Animator36/Frame48"}],"empty":false},"LAYOUT_WIDTH":0,"PADDING_TOP":0,"PADDING_BOTTOM":0,"PADDING_END":12,"LAYOUT_WEIGHT":1,"VISIBILITY":0,"BACKGROUND_COLOR":["com.crane.mockapp.core.model.theme.ThemeModelColor","RIPPLE"]}},{"children":[{"children":null,"properties":{"VIEW_CLASS_NAME":"android.widget.ImageView","VIEW_ID":"ImageView_5","LAYOUT_HEIGHT":24,"ICON_SIZE":24,"OUTLINE_CLIP_TO_OUTLINE":true,"LAYOUT_WIDTH":24,"LAYOUT_GRAVITY":49,"IMAGE_SCALE_TYPE":["android.widget.ImageView$ScaleType","FIT_XY"],"LAYOUT_MARGIN_TOP":16,"OUTLINE_OFFSET":0,"LAYOUT_MARGIN_BOTTOM":0,"OUTLINE_RADIUS":18,"LAYOUT_MARGIN_START":0,"ON_CLICK":{"@class":"com.crane.mockapp.core.model.layouts.PropEventOpenCustomLayoutValue","layoutValue":null,"openAs":"ACTIVITY","empty":true},"OUTLINE_ENABLED":false,"ICON_COLOR":["com.crane.mockapp.core.model.theme.ThemeModelColor","ICON_ACTIVE"],"LAYOUT_MARGIN_END":0,"ICON_DRAWABLE":"gmd_settings","VISIBILITY":0,"ELEVATION":0,"BACKGROUND_COLOR":["com.crane.mockapp.core.model.theme.ThemeModelColor","TRANSPARENT"]}},{"children":null,"properties":{"VIEW_CLASS_NAME":"android.widget.TextView","VIEW_ID":"TextView_6","LAYOUT_HEIGHT":-2,"TEXT_COLOR":["com.crane.mockapp.core.model.theme.ThemeModelColor","TEXT_PRIMARY"],"TEXT_MIN_LINES":1,"LAYOUT_WIDTH":-2,"LAYOUT_GRAVITY":81,"TEXT":"Settings","LAYOUT_MARGIN_TOP":0,"LAYOUT_MARGIN_BOTTOM":8,"LAYOUT_MARGIN_START":0,"TEXT_MAX_LINES":1,"TEXT_SIZE":12,"LAYOUT_MARGIN_END":0,"VISIBILITY":4,"BACKGROUND_COLOR":["com.crane.mockapp.core.model.theme.ThemeModelColor","TRANSPARENT"]}}],"properties":{"VIEW_CLASS_NAME":"android.widget.FrameLayout","VIEW_ID":"Button6","PADDING_START":12,"LAYOUT_HEIGHT":56,"ON_CLICK":{"@class":"com.crane.mockapp.core.model.layouts.PropEventChangePropValues","props":[{"valueAsBoolean":false,"valueAsInt":16,"animate":"FAST","prop":"LAYOUT_MARGIN_TOP","value":16,"viewIdPath":"Frame14/Frame21/Linear23/Button_7/ImageView_5"},{"valueAsBoolean":false,"valueAsInt":16,"animate":"FAST","prop":"LAYOUT_MARGIN_TOP","value":16,"viewIdPath":"Frame14/Frame21/Linear23/Button_8/ImageView_5"},{"valueAsBoolean":false,"valueAsInt":4,"animate":"FAST","prop":"VISIBILITY","value":4,"viewIdPath":"Frame14/Frame21/Linear23/Button_7/TextView_6"},{"valueAsBoolean":false,"valueAsInt":4,"animate":"FAST","prop":"VISIBILITY","value":4,"viewIdPath":"Frame14/Frame21/Linear23/Button_8/TextView_6"},{"valueAsBoolean":false,"valueAsInt":6,"animate":"FAST","prop":"LAYOUT_MARGIN_TOP","value":6,"viewIdPath":"Frame14/Frame21/Linear23/Button6/ImageView_5"},{"valueAsBoolean":false,"valueAsInt":0,"animate":"FAST","prop":"VISIBILITY","value":0,"viewIdPath":"Frame14/Frame21/Linear23/Button6/TextView_6"},{"valueAsBoolean":false,"valueAsInt":16,"animate":"FAST","prop":"LAYOUT_MARGIN_TOP","value":16,"viewIdPath":"Frame14/Frame21/Linear23/Button_9/ImageView_5"},{"valueAsBoolean":false,"valueAsInt":4,"animate":"FAST","prop":"VISIBILITY","value":4,"viewIdPath":"Frame14/Frame21/Linear23/Button_9/TextView_6"},{"valueAsBoolean":false,"valueAsInt":16,"animate":"FAST","prop":"LAYOUT_MARGIN_TOP","value":16,"viewIdPath":"Frame14/Frame21/Linear23/Button5/ImageView_5"},{"valueAsBoolean":false,"valueAsInt":4,"animate":"FAST","prop":"VISIBILITY","value":4,"viewIdPath":"Frame14/Frame21/Linear23/Button5/TextView_6"},{"valueAsBoolean":false,"valueAsInt":0,"animate":null,"prop":"VISIBILITY","value":null,"viewIdPath":"Frame14/Frame18/Animator36/Frame49"}],"empty":false},"LAYOUT_WIDTH":0,"PADDING_TOP":0,"PADDING_BOTTOM":0,"PADDING_END":12,"LAYOUT_WEIGHT":1,"VISIBILITY":0,"BACKGROUND_COLOR":["com.crane.mockapp.core.model.theme.ThemeModelColor","RIPPLE"]}}],"properties":{"VIEW_CLASS_NAME":"android.widget.LinearLayout","VIEW_ID":"Linear23","LAYOUT_HEIGHT":-2,"OUTLINE_RADIUS":0,"OUTLINE_ENABLED":false,"OUTLINE_CLIP_TO_OUTLINE":false,"LAYOUT_WIDTH":-1,"LAYOUT_GRAVITY":8388691,"ELEVATION":35,"BACKGROUND_COLOR":["com.crane.mockapp.core.model.theme.ThemeModelColor","White"]}}],"properties":{"VIEW_CLASS_NAME":"android.widget.FrameLayout","VIEW_ID":"Frame21","LAYOUT_HEIGHT":-2,"LAYOUT_MIN_WIDTH":0,"LAYOUT_WIDTH":-1,"LAYOUT_MIN_HEIGHT":0,"LAYOUT_GRAVITY":8388691,"OUTLINE_CLIP_TO_PADDING":false,"BACKGROUND_COLOR":["com.crane.mockapp.core.model.theme.ThemeModelColor","TRANSPARENT"]}}],"properties":{"VIEW_CLASS_NAME":"android.widget.FrameLayout","VIEW_ID":"Frame14","LAYOUT_HEIGHT":-1,"LAYOUT_MIN_WIDTH":0,"LAYOUT_WIDTH":-1,"LAYOUT_MIN_HEIGHT":0,"OUTLINE_CLIP_TO_PADDING":false,"BACKGROUND_COLOR":["com.crane.mockapp.core.model.theme.ThemeModelColor","TRANSPARENT"]}},"layoutFullScreen":false,"navDrawerLayout":null,"onBottomSheetCollapsed":null,"onBottomSheetExpanded":null,"primaryThemeId":108,"statusBarColor":"P500","statusBarColorAlpha":100}