{"accentThemeId":103,"bottomSheetFullScreen":false,"bottomSheetLayout":null,"bottomSheetMarginTop":0,"bottomSheetPeekHeight":0,"lastViewIndex":12,"layout":{"children":[{"children":[{"children":null,"properties":{"PADDING_TOP":0,"LAYOUT_HEIGHT":-2,"BACKGROUND_COLOR":["com.crane.mockapp.core.model.theme.ThemeModelColor","TRANSPARENT"],"PADDING_END":0,"TEXT_COLOR":["com.crane.mockapp.core.model.theme.ThemeModelColor","TEXT_PRIMARY"],"TEXT":"The Game","TEXT_STYLE":1,"LAYOUT_MIN_HEIGHT":0,"PADDING_START":0,"TEXT_MIN_LINES":1,"LAYOUT_MIN_WIDTH":0,"TEXT_SIZE":18,"LAYOUT_GRAVITY":17,"TEXT_MAX_LINES":20,"VIEW_ID":"Text6","TEXT_COLOR_HINT":["com.crane.mockapp.core.model.theme.ThemeModelColorHint","AUTO"],"VIEW_CLASS_NAME":"android.widget.TextView","LAYOUT_WIDTH":-2,"PADDING_BOTTOM":0}},{"children":null,"properties":{"PADDING_TOP":0,"LAYOUT_HEIGHT":-2,"BACKGROUND_COLOR":["com.crane.mockapp.core.model.theme.ThemeModelColor","TRANSPARENT"],"PADDING_END":0,"TEXT_COLOR":["com.crane.mockapp.core.model.theme.ThemeModelColor","P500"],"TEXT":"Countries of the World 2017","LAYOUT_MARGIN_TOP":0,"TEXT_STYLE":0,"LAYOUT_MIN_HEIGHT":0,"PADDING_START":0,"TEXT_MIN_LINES":1,"LAYOUT_MIN_WIDTH":0,"TEXT_SIZE":16,"LAYOUT_GRAVITY":17,"TEXT_MAX_LINES":20,"TEXT_GRAVITY":17,"VIEW_ID":"Text7","TEXT_COLOR_HINT":["com.crane.mockapp.core.model.theme.ThemeModelColorHint","AUTO"],"VIEW_CLASS_NAME":"android.widget.TextView","LAYOUT_WIDTH":-2,"LAYOUT_MARGIN_BOTTOM":0,"LAYOUT_MARGIN_END":56,"PADDING_BOTTOM":0,"LAYOUT_MARGIN_START":56}}],"properties":{"PADDING_TOP":8,"LAYOUT_HEIGHT":-2,"BACKGROUND_COLOR":["com.crane.mockapp.core.model.theme.ThemeModelColor","TRANSPARENT"],"PADDING_END":8,"LAYOUT_MIN_HEIGHT":0,"PADDING_START":8,"LAYOUT_MIN_WIDTH":0,"LAYOUT_ORIENTATION":1,"LAYOUT_GRAVITY":17,"VIEW_ID":"Linear2","OUTLINE_CLIP_TO_PADDING":false,"VIEW_CLASS_NAME":"android.widget.LinearLayout","LAYOUT_WIDTH":-2,"PADDING_BOTTOM":8}},{"children":null,"properties":{"LAYOUT_HEIGHT":1,"BACKGROUND_COLOR":["com.crane.mockapp.core.model.theme.ThemeModelColor","DIVIDER"],"LAYOUT_MIN_HEIGHT":1,"VIEW_ID":"View12","VIEW_CLASS_NAME":"android.view.View","LAYOUT_WIDTH":-1,"LAYOUT_MIN_WIDTH":1,"LAYOUT_GRAVITY":8388693}},{"children":[{"children":[{"children":null,"properties":{"LAYOUT_HEIGHT":-2,"BACKGROUND_COLOR":["com.crane.mockapp.core.model.theme.ThemeModelColor","TRANSPARENT"],"TEXT_COLOR":["com.crane.mockapp.core.model.theme.ThemeModelColor","MediumVioletRed"],"TEXT":"0:40","LAYOUT_MARGIN_TOP":2,"TEXT_STYLE":1,"LAYOUT_MIN_HEIGHT":0,"TEXT_MIN_LINES":1,"LAYOUT_MIN_WIDTH":0,"TEXT_SIZE":18,"TEXT_MAX_LINES":20,"VIEW_ID":"Text11","TEXT_COLOR_HINT":["com.crane.mockapp.core.model.theme.ThemeModelColorHint","AUTO"],"VIEW_CLASS_NAME":"android.widget.TextView","LAYOUT_WIDTH":-2,"LAYOUT_MARGIN_BOTTOM":2,"LAYOUT_MARGIN_END":4,"LAYOUT_MARGIN_START":4}}],"properties":{"LAYOUT_HEIGHT":-2,"BACKGROUND_COLOR":["com.crane.mockapp.core.model.theme.ThemeModelColor","White"],"LAYOUT_MARGIN_TOP":1,"LAYOUT_MIN_HEIGHT":0,"LAYOUT_MIN_WIDTH":0,"LAYOUT_GRAVITY":8388629,"VIEW_ID":"Frame10","OUTLINE_CLIP_TO_PADDING":false,"VIEW_CLASS_NAME":"android.widget.FrameLayout","LAYOUT_WIDTH":-2,"LAYOUT_MARGIN_BOTTOM":1,"LAYOUT_MARGIN_END":1,"LAYOUT_MARGIN_START":1}}],"properties":{"LAYOUT_HEIGHT":-2,"BACKGROUND_COLOR":["com.crane.mockapp.core.model.theme.ThemeModelColor","DIVIDER"],"LAYOUT_MARGIN_TOP":8,"LAYOUT_MIN_HEIGHT":0,"LAYOUT_MIN_WIDTH":0,"LAYOUT_GRAVITY":8388629,"VIEW_ID":"Frame8","OUTLINE_CLIP_TO_PADDING":false,"VIEW_CLASS_NAME":"android.widget.FrameLayout","LAYOUT_WIDTH":-2,"LAYOUT_MARGIN_BOTTOM":8,"LAYOUT_MARGIN_END":8,"LAYOUT_MARGIN_START":8}}],"properties":{"PADDING_TOP":0,"LAYOUT_HEIGHT":-2,"PADDING_END":0,"BACKGROUND_COLOR":["com.crane.mockapp.core.model.theme.ThemeModelColor","TRANSPARENT"],"LAYOUT_MIN_HEIGHT":0,"VIEW_ID":"Frame1","OUTLINE_CLIP_TO_PADDING":false,"PADDING_START":0,"VIEW_CLASS_NAME":"android.widget.FrameLayout","LAYOUT_WIDTH":-1,"LAYOUT_MIN_WIDTH":0,"PADDING_BOTTOM":0}},"layoutFullScreen":false,"navDrawerLayout":null,"onBottomSheetCollapsed":null,"onBottomSheetExpanded":null,"primaryThemeId":108,"statusBarColor":"P700","statusBarColorAlpha":100}