{"accentThemeId":103,"bottomSheetFullScreen":false,"bottomSheetLayout":null,"bottomSheetMarginTop":0,"bottomSheetPeekHeight":0,"lastViewIndex":17,"layout":{"children":[{"children":null,"properties":{"PADDING_TOP":12,"LAYOUT_HEIGHT":-2,"BACKGROUND_COLOR":["com.crane.mockapp.core.model.theme.ThemeModelColor","P500"],"PADDING_END":32,"TEXT_COLOR":["com.crane.mockapp.core.model.theme.ThemeModelColor","TEXT_PRIMARY"],"TEXT":"Next","LAYOUT_MIN_HEIGHT":0,"PADDING_START":32,"TEXT_MIN_LINES":1,"LAYOUT_MIN_WIDTH":0,"TEXT_SIZE":16,"LAYOUT_GRAVITY":49,"TEXT_MAX_LINES":20,"VIEW_ID":"Button17","TEXT_COLOR_HINT":["com.crane.mockapp.core.model.theme.ThemeModelColorHint","AUTO"],"VIEW_CLASS_NAME":"android.widget.Button","LAYOUT_WIDTH":-2,"PADDING_BOTTOM":12}},{"children":null,"properties":{"LAYOUT_HEIGHT":-2,"BACKGROUND_COLOR":["com.crane.mockapp.core.model.theme.ThemeModelColor","TRANSPARENT"],"TEXT_COLOR":["com.crane.mockapp.core.model.theme.ThemeModelColor","TEXT_PRIMARY"],"TEXT":"2 / 7","LAYOUT_MARGIN_TOP":8,"TEXT_STYLE":1,"LAYOUT_MIN_HEIGHT":0,"TEXT_MIN_LINES":1,"LAYOUT_MIN_WIDTH":0,"TEXT_SIZE":18,"LAYOUT_GRAVITY":49,"TEXT_MAX_LINES":20,"VIEW_ID":"Text14","TEXT_COLOR_HINT":["com.crane.mockapp.core.model.theme.ThemeModelColorHint","AUTO"],"VIEW_CLASS_NAME":"android.widget.TextView","LAYOUT_WIDTH":-2,"LAYOUT_MARGIN_BOTTOM":0,"LAYOUT_MARGIN_END":0,"LAYOUT_MARGIN_START":0}}],"properties":{"PADDING_TOP":0,"LAYOUT_HEIGHT":-2,"PADDING_END":0,"BACKGROUND_COLOR":["com.crane.mockapp.core.model.theme.ThemeModelColor","TRANSPARENT"],"LAYOUT_MIN_HEIGHT":0,"PADDING_START":0,"LAYOUT_MIN_WIDTH":0,"LAYOUT_ORIENTATION":1,"VIEW_ID":"Linear13","OUTLINE_CLIP_TO_PADDING":false,"VIEW_CLASS_NAME":"android.widget.LinearLayout","LAYOUT_WIDTH":-1,"PADDING_BOTTOM":0}},"layoutFullScreen":false,"navDrawerLayout":null,"onBottomSheetCollapsed":null,"onBottomSheetExpanded":null,"primaryThemeId":108,"statusBarColor":"P700","statusBarColorAlpha":100}