{"accentThemeId":103,"bottomSheetFullScreen":false,"bottomSheetLayout":null,"bottomSheetMarginTop":0,"bottomSheetPeekHeight":0,"lastViewIndex":1,"layout":{"children":[{"children":null,"properties":{"PADDING_TOP":8,"LAYOUT_HEIGHT":72,"BACKGROUND_COLOR":["com.crane.mockapp.core.model.theme.ThemeModelColor","White"],"PADDING_END":8,"TEXT_COLOR":["com.crane.mockapp.core.model.theme.ThemeModelColor","TEXT_PRIMARY"],"TEXT":"Niamey","LAYOUT_MARGIN_TOP":8,"LAYOUT_MIN_HEIGHT":0,"PADDING_START":8,"TEXT_MIN_LINES":1,"LAYOUT_MIN_WIDTH":0,"TEXT_SIZE":16,"TEXT_MAX_LINES":2,"VIEW_ID":"Button14","TEXT_COLOR_HINT":["com.crane.mockapp.core.model.theme.ThemeModelColorHint","AUTO"],"VIEW_CLASS_NAME":"android.widget.Button","LAYOUT_WIDTH":128,"LAYOUT_MARGIN_BOTTOM":8,"LAYOUT_MARGIN_END":8,"PADDING_BOTTOM":8,"LAYOUT_MARGIN_START":8}},{"children":null,"properties":{"IMAGE_DRAWABLE":"0d3fcd7a-86b4-4af8-a669-6ab33eec65c6/correct.png","LAYOUT_HEIGHT":48,"BACKGROUND_COLOR":["com.crane.mockapp.core.model.theme.ThemeModelColor","TRANSPARENT"],"LAYOUT_MIN_HEIGHT":0,"ICON_COLOR":["com.crane.mockapp.core.model.theme.ThemeModelColor","ICON_ACTIVE"],"LAYOUT_MIN_WIDTH":0,"ICON_SIZE":24,"VISIBILITY":8,"VIEW_ID":"Image15","ICON_COLOR_HINT":["com.crane.mockapp.core.model.theme.ThemeModelColorHint","AUTO"],"VIEW_CLASS_NAME":"android.widget.ImageView","LAYOUT_WIDTH":48,"ELEVATION":17}},{"children":null,"properties":{"IMAGE_DRAWABLE":"0d3fcd7a-86b4-4af8-a669-6ab33eec65c6/incorrect.png","LAYOUT_HEIGHT":48,"BACKGROUND_COLOR":["com.crane.mockapp.core.model.theme.ThemeModelColor","TRANSPARENT"],"LAYOUT_MIN_HEIGHT":0,"ICON_COLOR":["com.crane.mockapp.core.model.theme.ThemeModelColor","ICON_ACTIVE"],"LAYOUT_MIN_WIDTH":0,"LAYOUT_GRAVITY":8388659,"ICON_SIZE":24,"VISIBILITY":8,"VIEW_ID":"Image16","ICON_COLOR_HINT":["com.crane.mockapp.core.model.theme.ThemeModelColorHint","AUTO"],"VIEW_CLASS_NAME":"android.widget.ImageView","LAYOUT_WIDTH":48,"ELEVATION":17}}],"properties":{"PADDING_TOP":0,"LAYOUT_HEIGHT":-2,"PADDING_END":0,"BACKGROUND_COLOR":["com.crane.mockapp.core.model.theme.ThemeModelColor","TRANSPARENT"],"LAYOUT_MIN_HEIGHT":0,"VIEW_ID":"Frame1","OUTLINE_CLIP_TO_PADDING":false,"PADDING_START":0,"VIEW_CLASS_NAME":"android.widget.FrameLayout","LAYOUT_WIDTH":-2,"LAYOUT_MIN_WIDTH":0,"PADDING_BOTTOM":0}},"layoutFullScreen":false,"navDrawerLayout":null,"onBottomSheetCollapsed":null,"onBottomSheetExpanded":null,"primaryThemeId":108,"statusBarColor":"P700","statusBarColorAlpha":100}