{"accentThemeId":103,"bottomSheetFullScreen":false,"bottomSheetLayout":null,"bottomSheetMarginTop":0,"bottomSheetPeekHeight":0,"lastViewIndex":21,"layout":{"children":[{"children":[{"children":[{"children":[{"children":[{"children":null,"properties":{"IMAGE_DRAWABLE":"0d3fcd7a-86b4-4af8-a669-6ab33eec65c6/flag.png","LAYOUT_HEIGHT":45,"BACKGROUND_COLOR":["com.crane.mockapp.core.model.theme.ThemeModelColor","TRANSPARENT"],"OUTLINE_CLIP_TO_OUTLINE":true,"LAYOUT_MARGIN_TOP":0,"LAYOUT_MIN_HEIGHT":24,"OUTLINE_OFFSET":0,"ICON_COLOR":["com.crane.mockapp.core.model.theme.ThemeModelColor","ICON_ACTIVE"],"LAYOUT_MIN_WIDTH":24,"LAYOUT_GRAVITY":8388627,"ICON_SIZE":24,"VIEW_ID":"ImageView_5","VIEW_CLASS_NAME":"android.widget.ImageView","LAYOUT_WIDTH":68,"LAYOUT_MARGIN_BOTTOM":0,"LAYOUT_MARGIN_END":0,"OUTLINE_ENABLED":true,"OUTLINE_RADIUS":4,"LAYOUT_MARGIN_START":0}}],"properties":{"PADDING_TOP":0,"LAYOUT_HEIGHT":-2,"BACKGROUND_COLOR":["com.crane.mockapp.core.model.theme.ThemeModelColor","White"],"PADDING_END":0,"OUTLINE_CLIP_TO_OUTLINE":true,"LAYOUT_MARGIN_TOP":16,"LAYOUT_MIN_HEIGHT":24,"PADDING_START":0,"LAYOUT_MIN_WIDTH":24,"LAYOUT_GRAVITY":8388627,"VIEW_ID":"Frame10","OUTLINE_CLIP_TO_PADDING":true,"VIEW_CLASS_NAME":"android.widget.FrameLayout","LAYOUT_WIDTH":-2,"ELEVATION":17,"LAYOUT_MARGIN_BOTTOM":16,"LAYOUT_MARGIN_END":16,"PADDING_BOTTOM":0,"OUTLINE_ENABLED":true,"OUTLINE_RADIUS":8,"LAYOUT_MARGIN_START":16}},{"children":null,"properties":{"LAYOUT_HEIGHT":-2,"LAYOUT_WEIGHT":1,"BACKGROUND_COLOR":["com.crane.mockapp.core.model.theme.ThemeModelColor","TRANSPARENT"],"TEXT_COLOR":["com.crane.mockapp.core.model.theme.ThemeModelColor","TEXT_PRIMARY"],"TEXT":"Samoa","TEXT_STYLE":1,"LAYOUT_MIN_HEIGHT":0,"TEXT_MIN_LINES":1,"LAYOUT_MIN_WIDTH":0,"TEXT_SIZE":16,"LAYOUT_GRAVITY":8388627,"TEXT_MAX_LINES":20,"VIEW_ID":"Text3","TEXT_COLOR_HINT":["com.crane.mockapp.core.model.theme.ThemeModelColorHint","AUTO"],"VIEW_CLASS_NAME":"android.widget.TextView","LAYOUT_WIDTH":0}},{"children":null,"properties":{"IMAGE_DRAWABLE":"0d3fcd7a-86b4-4af8-a669-6ab33eec65c6/photo_country.jpg","LAYOUT_HEIGHT":96,"BACKGROUND_COLOR":["com.crane.mockapp.core.model.theme.ThemeModelColor","Pink"],"OUTLINE_CLIP_TO_OUTLINE":true,"LAYOUT_MARGIN_TOP":0,"LAYOUT_MIN_HEIGHT":0,"ICON_COLOR":["com.crane.mockapp.core.model.theme.ThemeModelColor","ICON_ACTIVE"],"IMAGE_SCALE_TYPE":["android.widget.ImageView$ScaleType","CENTER_CROP"],"LAYOUT_MIN_WIDTH":0,"LAYOUT_GRAVITY":17,"ICON_SIZE":24,"VIEW_ID":"Image11","ICON_COLOR_HINT":["com.crane.mockapp.core.model.theme.ThemeModelColorHint","AUTO"],"VIEW_CLASS_NAME":"android.widget.ImageView","LAYOUT_WIDTH":128,"LAYOUT_MARGIN_BOTTOM":0,"LAYOUT_MARGIN_END":0,"OUTLINE_ENABLED":true,"OUTLINE_RADIUS":0,"LAYOUT_MARGIN_START":0}}],"properties":{"LAYOUT_HEIGHT":-1,"BACKGROUND_COLOR":["com.crane.mockapp.core.model.theme.ThemeModelColor","TRANSPARENT"],"LAYOUT_MIN_HEIGHT":0,"VIEW_ID":"Linear2","OUTLINE_CLIP_TO_PADDING":false,"VIEW_CLASS_NAME":"android.widget.LinearLayout","LAYOUT_WIDTH":-1,"LAYOUT_MIN_WIDTH":0,"LAYOUT_ORIENTATION":0}}],"properties":{"PADDING_TOP":0,"LAYOUT_HEIGHT":-2,"BACKGROUND_COLOR":["com.crane.mockapp.core.model.theme.ThemeModelColor","White"],"PADDING_END":0,"OUTLINE_CLIP_TO_OUTLINE":true,"LAYOUT_MIN_HEIGHT":0,"PADDING_START":0,"LAYOUT_MIN_WIDTH":0,"VIEW_ID":"Frame16","OUTLINE_CLIP_TO_PADDING":true,"VIEW_CLASS_NAME":"android.widget.FrameLayout","LAYOUT_WIDTH":-1,"ELEVATION":12,"PADDING_BOTTOM":0,"OUTLINE_ENABLED":true,"OUTLINE_RADIUS":6}},{"children":null,"properties":{"PADDING_TOP":8,"LAYOUT_HEIGHT":-2,"BACKGROUND_COLOR":["com.crane.mockapp.core.model.theme.ThemeModelColor","P100"],"PADDING_END":8,"TEXT_COLOR":["com.crane.mockapp.core.model.theme.ThemeModelColor","TEXT_SECONDARY"],"TEXT":"Population density 2017: 69.4 people per sq. km","LAYOUT_MIN_HEIGHT":0,"PADDING_START":8,"TEXT_MIN_LINES":1,"BACKGROUND_ALPHA":30,"LAYOUT_MIN_WIDTH":0,"TEXT_SIZE":16,"TEXT_MAX_LINES":20,"VISIBILITY":4,"VIEW_ID":"Text15","TEXT_COLOR_HINT":["com.crane.mockapp.core.model.theme.ThemeModelColorHint","DARK"],"VIEW_CLASS_NAME":"android.widget.TextView","LAYOUT_WIDTH":-1,"PADDING_BOTTOM":8}}],"properties":{"LAYOUT_HEIGHT":-2,"BACKGROUND_COLOR":["com.crane.mockapp.core.model.theme.ThemeModelColor","TRANSPARENT"],"LAYOUT_MARGIN_TOP":8,"LAYOUT_MIN_HEIGHT":0,"LAYOUT_MIN_WIDTH":0,"LAYOUT_ORIENTATION":1,"VIEW_ID":"Linear19","OUTLINE_CLIP_TO_PADDING":false,"VIEW_CLASS_NAME":"android.widget.LinearLayout","LAYOUT_WIDTH":-1,"LAYOUT_MARGIN_BOTTOM":8,"LAYOUT_MARGIN_END":8,"LAYOUT_MARGIN_START":8}},{"children":null,"properties":{"IMAGE_DRAWABLE":"0d3fcd7a-86b4-4af8-a669-6ab33eec65c6/incorrect.png","LAYOUT_HEIGHT":64,"BACKGROUND_COLOR":["com.crane.mockapp.core.model.theme.ThemeModelColor","TRANSPARENT"],"LAYOUT_MIN_HEIGHT":0,"ICON_COLOR":["com.crane.mockapp.core.model.theme.ThemeModelColor","ICON_ACTIVE"],"LAYOUT_MIN_WIDTH":0,"LAYOUT_GRAVITY":8388661,"ICON_SIZE":24,"VISIBILITY":4,"VIEW_ID":"Image20","ICON_COLOR_HINT":["com.crane.mockapp.core.model.theme.ThemeModelColorHint","AUTO"],"VIEW_CLASS_NAME":"android.widget.ImageView","LAYOUT_WIDTH":64,"ELEVATION":17}},{"children":null,"properties":{"IMAGE_DRAWABLE":"0d3fcd7a-86b4-4af8-a669-6ab33eec65c6/correct.png","LAYOUT_HEIGHT":64,"BACKGROUND_COLOR":["com.crane.mockapp.core.model.theme.ThemeModelColor","TRANSPARENT"],"LAYOUT_MIN_HEIGHT":0,"ICON_COLOR":["com.crane.mockapp.core.model.theme.ThemeModelColor","ICON_ACTIVE"],"LAYOUT_MIN_WIDTH":0,"LAYOUT_GRAVITY":8388661,"ICON_SIZE":24,"VISIBILITY":4,"VIEW_ID":"Image21","ICON_COLOR_HINT":["com.crane.mockapp.core.model.theme.ThemeModelColorHint","AUTO"],"VIEW_CLASS_NAME":"android.widget.ImageView","LAYOUT_WIDTH":64,"ELEVATION":17}}],"properties":{"PADDING_TOP":0,"LAYOUT_HEIGHT":-2,"BACKGROUND_COLOR":["com.crane.mockapp.core.model.theme.ThemeModelColor","TRANSPARENT"],"PADDING_END":0,"LAYOUT_MARGIN_TOP":0,"LAYOUT_MIN_HEIGHT":0,"PADDING_START":0,"LAYOUT_MIN_WIDTH":0,"VIEW_ID":"Frame17","OUTLINE_CLIP_TO_PADDING":false,"VIEW_CLASS_NAME":"android.widget.FrameLayout","LAYOUT_WIDTH":-1,"LAYOUT_MARGIN_BOTTOM":0,"LAYOUT_MARGIN_END":0,"PADDING_BOTTOM":0,"LAYOUT_MARGIN_START":0}},"layoutFullScreen":false,"navDrawerLayout":null,"onBottomSheetCollapsed":null,"onBottomSheetExpanded":null,"primaryThemeId":108,"statusBarColor":"P700","statusBarColorAlpha":100}