{"accentThemeId":103,"bottomSheetFullScreen":false,"bottomSheetLayout":null,"bottomSheetMarginTop":0,"bottomSheetPeekHeight":0,"lastViewIndex":25,"layout":{"children":[{"children":null,"properties":{"LAYOUT_MIN_HEIGHT":0,"BACKGROUND_COLOR":["com.crane.mockapp.core.model.theme.ThemeModelColor","TRANSPARENT"],"LAYOUT_MARGIN_START":0,"VIEW_ID":"Frame18","LAYOUT_MARGIN_END":0,"LAYOUT_HEIGHT":-1,"VIEW_CLASS_NAME":"android.widget.FrameLayout","LAYOUT_MIN_WIDTH":0,"LAYOUT_WIDTH":-1,"CUSTOM_TAG":"contentContainer:ViewGroup!","LAYOUT_MARGIN_BOTTOM":56,"LAYOUT_MARGIN_TOP":0,"OUTLINE_CLIP_TO_PADDING":false}},{"children":[{"children":[{"children":[{"children":null,"properties":{"BACKGROUND_COLOR":["com.crane.mockapp.core.model.theme.ThemeModelColor","TRANSPARENT"],"OUTLINE_RADIUS":18,"LAYOUT_MARGIN_START":0,"VIEW_ID":"ImageView_5","VISIBILITY":0,"OUTLINE_CLIP_TO_OUTLINE":true,"LAYOUT_GRAVITY":49,"LAYOUT_MARGIN_END":0,"IMAGE_SCALE_TYPE":["android.widget.ImageView$ScaleType","FIT_XY"],"ICON_SIZE":24,"LAYOUT_HEIGHT":24,"ICON_COLOR":["com.crane.mockapp.core.model.theme.ThemeModelColor","ICON_ACTIVE"],"OUTLINE_OFFSET":0,"VIEW_CLASS_NAME":"android.widget.ImageView","LAYOUT_WIDTH":24,"ON_CLICK":{"@class":"com.crane.mockapp.core.model.layouts.PropEventOpenCustomLayoutValue","layoutValue":null,"openAs":"ACTIVITY","empty":true},"ELEVATION":0,"ICON_DRAWABLE":"gmd_star_border","OUTLINE_ENABLED":false,"LAYOUT_MARGIN_BOTTOM":0,"LAYOUT_MARGIN_TOP":16}},{"children":null,"properties":{"TEXT":"Favorites","BACKGROUND_COLOR":["com.crane.mockapp.core.model.theme.ThemeModelColor","TRANSPARENT"],"TEXT_MAX_LINES":1,"LAYOUT_MARGIN_START":0,"VIEW_ID":"TextView_6","VISIBILITY":4,"LAYOUT_GRAVITY":81,"TEXT_COLOR":["com.crane.mockapp.core.model.theme.ThemeModelColor","TEXT_PRIMARY"],"LAYOUT_MARGIN_END":0,"LAYOUT_HEIGHT":-2,"VIEW_CLASS_NAME":"android.widget.TextView","LAYOUT_WIDTH":-2,"TEXT_SIZE":12,"LAYOUT_MARGIN_BOTTOM":8,"TEXT_MIN_LINES":1,"LAYOUT_MARGIN_TOP":0}}],"properties":{"BACKGROUND_COLOR":["com.crane.mockapp.core.model.theme.ThemeModelColor","RIPPLE"],"LAYOUT_WEIGHT":1,"PADDING_START":12,"VIEW_ID":"Button_7","VISIBILITY":0,"PADDING_TOP":0,"PADDING_BOTTOM":0,"LAYOUT_HEIGHT":56,"VIEW_CLASS_NAME":"android.widget.FrameLayout","PADDING_END":12,"LAYOUT_WIDTH":0,"ON_CLICK":{"@class":"com.crane.mockapp.core.model.layouts.PropEventChangePropValues","props":[{"valueAsBoolean":false,"valueAsInt":6,"animate":"FAST","prop":"LAYOUT_MARGIN_TOP","value":6,"viewIdPath":"Frame14/Frame21/Linear23/Button_7/ImageView_5"},{"valueAsBoolean":false,"valueAsInt":16,"animate":"FAST","prop":"LAYOUT_MARGIN_TOP","value":16,"viewIdPath":"Frame14/Frame21/Linear23/Button_8/ImageView_5"},{"valueAsBoolean":false,"valueAsInt":16,"animate":"FAST","prop":"LAYOUT_MARGIN_TOP","value":16,"viewIdPath":"Frame14/Frame21/Linear23/Button_9/ImageView_5"},{"valueAsBoolean":false,"valueAsInt":0,"animate":"FAST","prop":"VISIBILITY","value":0,"viewIdPath":"Frame14/Frame21/Linear23/Button_7/TextView_6"},{"valueAsBoolean":false,"valueAsInt":4,"animate":"FAST","prop":"VISIBILITY","value":4,"viewIdPath":"Frame14/Frame21/Linear23/Button_8/TextView_6"},{"valueAsBoolean":false,"valueAsInt":4,"animate":"FAST","prop":"VISIBILITY","value":4,"viewIdPath":"Frame14/Frame21/Linear23/Button_9/TextView_6"},{"valueAsBoolean":false,"valueAsInt":16,"animate":"FAST","prop":"LAYOUT_MARGIN_TOP","value":16,"viewIdPath":"Frame14/Frame21/Linear23/Button5/ImageView_5"},{"valueAsBoolean":false,"valueAsInt":4,"animate":"FAST","prop":"VISIBILITY","value":4,"viewIdPath":"Frame14/Frame21/Linear23/Button5/TextView_6"},{"valueAsBoolean":false,"valueAsInt":16,"animate":"FAST","prop":"LAYOUT_MARGIN_TOP","value":16,"viewIdPath":"Frame14/Frame21/Linear23/Button6/ImageView_5"},{"valueAsBoolean":false,"valueAsInt":4,"animate":"FAST","prop":"VISIBILITY","value":4,"viewIdPath":"Frame14/Frame21/Linear23/Button6/TextView_6"}],"empty":false},"CUSTOM_TAG":"favButtonContainer:View!"}},{"children":[{"children":null,"properties":{"BACKGROUND_COLOR":["com.crane.mockapp.core.model.theme.ThemeModelColor","TRANSPARENT"],"OUTLINE_RADIUS":18,"LAYOUT_MARGIN_START":0,"VIEW_ID":"ImageView_5","VISIBILITY":0,"OUTLINE_CLIP_TO_OUTLINE":true,"LAYOUT_GRAVITY":49,"LAYOUT_MARGIN_END":0,"IMAGE_SCALE_TYPE":["android.widget.ImageView$ScaleType","FIT_XY"],"ICON_SIZE":24,"LAYOUT_HEIGHT":24,"ICON_COLOR":["com.crane.mockapp.core.model.theme.ThemeModelColor","ICON_ACTIVE"],"OUTLINE_OFFSET":0,"VIEW_CLASS_NAME":"android.widget.ImageView","LAYOUT_WIDTH":24,"ON_CLICK":{"@class":"com.crane.mockapp.core.model.layouts.PropEventOpenCustomLayoutValue","layoutValue":null,"openAs":"ACTIVITY","empty":true},"ELEVATION":0,"ICON_DRAWABLE":"gmd_book","OUTLINE_ENABLED":false,"LAYOUT_MARGIN_BOTTOM":0,"LAYOUT_MARGIN_TOP":16}},{"children":null,"properties":{"TEXT":"News","BACKGROUND_COLOR":["com.crane.mockapp.core.model.theme.ThemeModelColor","TRANSPARENT"],"TEXT_MAX_LINES":1,"LAYOUT_MARGIN_START":0,"VIEW_ID":"TextView_6","VISIBILITY":4,"LAYOUT_GRAVITY":81,"TEXT_COLOR":["com.crane.mockapp.core.model.theme.ThemeModelColor","TEXT_PRIMARY"],"LAYOUT_MARGIN_END":0,"LAYOUT_HEIGHT":-2,"VIEW_CLASS_NAME":"android.widget.TextView","LAYOUT_WIDTH":-2,"TEXT_SIZE":12,"LAYOUT_MARGIN_BOTTOM":8,"TEXT_MIN_LINES":1,"LAYOUT_MARGIN_TOP":0}}],"properties":{"BACKGROUND_COLOR":["com.crane.mockapp.core.model.theme.ThemeModelColor","RIPPLE"],"LAYOUT_WEIGHT":1,"PADDING_START":12,"VIEW_ID":"Button_8","VISIBILITY":0,"PADDING_TOP":0,"PADDING_BOTTOM":0,"LAYOUT_HEIGHT":56,"VIEW_CLASS_NAME":"android.widget.FrameLayout","PADDING_END":12,"LAYOUT_WIDTH":0,"ON_CLICK":{"@class":"com.crane.mockapp.core.model.layouts.PropEventChangePropValues","props":[{"valueAsBoolean":false,"valueAsInt":16,"animate":"FAST","prop":"LAYOUT_MARGIN_TOP","value":16,"viewIdPath":"Frame14/Frame21/Linear23/Button_7/ImageView_5"},{"valueAsBoolean":false,"valueAsInt":6,"animate":"FAST","prop":"LAYOUT_MARGIN_TOP","value":6,"viewIdPath":"Frame14/Frame21/Linear23/Button_8/ImageView_5"},{"valueAsBoolean":false,"valueAsInt":16,"animate":"FAST","prop":"LAYOUT_MARGIN_TOP","value":16,"viewIdPath":"Frame14/Frame21/Linear23/Button_9/ImageView_5"},{"valueAsBoolean":false,"valueAsInt":4,"animate":"FAST","prop":"VISIBILITY","value":4,"viewIdPath":"Frame14/Frame21/Linear23/Button_7/TextView_6"},{"valueAsBoolean":false,"valueAsInt":0,"animate":"FAST","prop":"VISIBILITY","value":0,"viewIdPath":"Frame14/Frame21/Linear23/Button_8/TextView_6"},{"valueAsBoolean":false,"valueAsInt":4,"animate":"FAST","prop":"VISIBILITY","value":4,"viewIdPath":"Frame14/Frame21/Linear23/Button_9/TextView_6"},{"valueAsBoolean":false,"valueAsInt":16,"animate":"FAST","prop":"LAYOUT_MARGIN_TOP","value":16,"viewIdPath":"Frame14/Frame21/Linear23/Button5/ImageView_5"},{"valueAsBoolean":false,"valueAsInt":4,"animate":"FAST","prop":"VISIBILITY","value":4,"viewIdPath":"Frame14/Frame21/Linear23/Button5/TextView_6"},{"valueAsBoolean":false,"valueAsInt":16,"animate":"FAST","prop":"LAYOUT_MARGIN_TOP","value":16,"viewIdPath":"Frame14/Frame21/Linear23/Button6/ImageView_5"}],"empty":false},"CUSTOM_TAG":"newsButtonContainer:View!"}},{"children":[{"children":null,"properties":{"BACKGROUND_COLOR":["com.crane.mockapp.core.model.theme.ThemeModelColor","TRANSPARENT"],"OUTLINE_RADIUS":18,"LAYOUT_MARGIN_START":0,"VIEW_ID":"ImageView_5","VISIBILITY":0,"OUTLINE_CLIP_TO_OUTLINE":true,"LAYOUT_GRAVITY":49,"LAYOUT_MARGIN_END":0,"IMAGE_SCALE_TYPE":["android.widget.ImageView$ScaleType","FIT_XY"],"ICON_SIZE":24,"LAYOUT_HEIGHT":24,"ICON_COLOR":["com.crane.mockapp.core.model.theme.ThemeModelColor","ICON_ACTIVE"],"OUTLINE_OFFSET":0,"VIEW_CLASS_NAME":"android.widget.ImageView","LAYOUT_WIDTH":24,"ON_CLICK":{"@class":"com.crane.mockapp.core.model.layouts.PropEventOpenCustomLayoutValue","layoutValue":null,"openAs":"ACTIVITY","empty":true},"ELEVATION":0,"ICON_DRAWABLE":"gmd_home","OUTLINE_ENABLED":false,"LAYOUT_MARGIN_BOTTOM":0,"LAYOUT_MARGIN_TOP":6}},{"children":null,"properties":{"TEXT":"Home","BACKGROUND_COLOR":["com.crane.mockapp.core.model.theme.ThemeModelColor","TRANSPARENT"],"TEXT_MAX_LINES":1,"LAYOUT_MARGIN_START":0,"VIEW_ID":"TextView_6","VISIBILITY":0,"LAYOUT_GRAVITY":81,"TEXT_COLOR":["com.crane.mockapp.core.model.theme.ThemeModelColor","TEXT_PRIMARY"],"LAYOUT_MARGIN_END":0,"LAYOUT_HEIGHT":-2,"VIEW_CLASS_NAME":"android.widget.TextView","LAYOUT_WIDTH":-2,"TEXT_SIZE":12,"LAYOUT_MARGIN_BOTTOM":8,"TEXT_MIN_LINES":1,"LAYOUT_MARGIN_TOP":0}}],"properties":{"BACKGROUND_COLOR":["com.crane.mockapp.core.model.theme.ThemeModelColor","RIPPLE"],"LAYOUT_WEIGHT":1,"PADDING_START":12,"VIEW_ID":"Button_9","VISIBILITY":0,"PADDING_TOP":0,"PADDING_BOTTOM":0,"LAYOUT_HEIGHT":56,"VIEW_CLASS_NAME":"android.widget.FrameLayout","PADDING_END":12,"LAYOUT_WIDTH":0,"ON_CLICK":{"@class":"com.crane.mockapp.core.model.layouts.PropEventChangePropValues","props":[{"valueAsBoolean":false,"valueAsInt":16,"animate":"FAST","prop":"LAYOUT_MARGIN_TOP","value":16,"viewIdPath":"Frame14/Frame21/Linear23/Button_7/ImageView_5"},{"valueAsBoolean":false,"valueAsInt":16,"animate":"FAST","prop":"LAYOUT_MARGIN_TOP","value":16,"viewIdPath":"Frame14/Frame21/Linear23/Button_8/ImageView_5"},{"valueAsBoolean":false,"valueAsInt":6,"animate":"FAST","prop":"LAYOUT_MARGIN_TOP","value":6,"viewIdPath":"Frame14/Frame21/Linear23/Button_9/ImageView_5"},{"valueAsBoolean":false,"valueAsInt":4,"animate":"FAST","prop":"VISIBILITY","value":4,"viewIdPath":"Frame14/Frame21/Linear23/Button_7/TextView_6"},{"valueAsBoolean":false,"valueAsInt":4,"animate":"FAST","prop":"VISIBILITY","value":4,"viewIdPath":"Frame14/Frame21/Linear23/Button_8/TextView_6"},{"valueAsBoolean":false,"valueAsInt":0,"animate":"FAST","prop":"VISIBILITY","value":0,"viewIdPath":"Frame14/Frame21/Linear23/Button_9/TextView_6"},{"valueAsBoolean":false,"valueAsInt":16,"animate":"FAST","prop":"LAYOUT_MARGIN_TOP","value":16,"viewIdPath":"Frame14/Frame21/Linear23/Button5/ImageView_5"},{"valueAsBoolean":false,"valueAsInt":4,"animate":"FAST","prop":"VISIBILITY","value":4,"viewIdPath":"Frame14/Frame21/Linear23/Button5/TextView_6"},{"valueAsBoolean":false,"valueAsInt":16,"animate":"FAST","prop":"LAYOUT_MARGIN_TOP","value":16,"viewIdPath":"Frame14/Frame21/Linear23/Button6/ImageView_5"},{"valueAsBoolean":false,"valueAsInt":4,"animate":"FAST","prop":"VISIBILITY","value":4,"viewIdPath":"Frame14/Frame21/Linear23/Button6/TextView_6"}],"empty":false},"CUSTOM_TAG":"homeButtonContainer:View!"}},{"children":[{"children":null,"properties":{"BACKGROUND_COLOR":["com.crane.mockapp.core.model.theme.ThemeModelColor","TRANSPARENT"],"OUTLINE_RADIUS":18,"LAYOUT_MARGIN_START":0,"VIEW_ID":"ImageView_5","VISIBILITY":0,"OUTLINE_CLIP_TO_OUTLINE":true,"LAYOUT_GRAVITY":49,"LAYOUT_MARGIN_END":0,"IMAGE_SCALE_TYPE":["android.widget.ImageView$ScaleType","FIT_XY"],"ICON_SIZE":24,"LAYOUT_HEIGHT":24,"ICON_COLOR":["com.crane.mockapp.core.model.theme.ThemeModelColor","ICON_ACTIVE"],"OUTLINE_OFFSET":0,"VIEW_CLASS_NAME":"android.widget.ImageView","LAYOUT_WIDTH":24,"ON_CLICK":{"@class":"com.crane.mockapp.core.model.layouts.PropEventOpenCustomLayoutValue","layoutValue":null,"openAs":"ACTIVITY","empty":true},"ELEVATION":0,"ICON_DRAWABLE":"gmd_gamepad","OUTLINE_ENABLED":false,"LAYOUT_MARGIN_BOTTOM":0,"LAYOUT_MARGIN_TOP":16}},{"children":null,"properties":{"TEXT":"Game","BACKGROUND_COLOR":["com.crane.mockapp.core.model.theme.ThemeModelColor","TRANSPARENT"],"TEXT_MAX_LINES":1,"LAYOUT_MARGIN_START":0,"VIEW_ID":"TextView_6","VISIBILITY":4,"LAYOUT_GRAVITY":81,"TEXT_COLOR":["com.crane.mockapp.core.model.theme.ThemeModelColor","TEXT_PRIMARY"],"LAYOUT_MARGIN_END":0,"LAYOUT_HEIGHT":-2,"VIEW_CLASS_NAME":"android.widget.TextView","LAYOUT_WIDTH":-2,"TEXT_SIZE":12,"LAYOUT_MARGIN_BOTTOM":8,"TEXT_MIN_LINES":1,"LAYOUT_MARGIN_TOP":0}}],"properties":{"BACKGROUND_COLOR":["com.crane.mockapp.core.model.theme.ThemeModelColor","RIPPLE"],"LAYOUT_WEIGHT":1,"PADDING_START":12,"VIEW_ID":"Button5","VISIBILITY":0,"PADDING_TOP":0,"PADDING_BOTTOM":0,"LAYOUT_HEIGHT":56,"VIEW_CLASS_NAME":"android.widget.FrameLayout","PADDING_END":12,"LAYOUT_WIDTH":0,"ON_CLICK":{"@class":"com.crane.mockapp.core.model.layouts.PropEventChangePropValues","props":[{"valueAsBoolean":false,"valueAsInt":16,"animate":"FAST","prop":"LAYOUT_MARGIN_TOP","value":16,"viewIdPath":"Frame14/Frame21/Linear23/Button_7/ImageView_5"},{"valueAsBoolean":false,"valueAsInt":16,"animate":"FAST","prop":"LAYOUT_MARGIN_TOP","value":16,"viewIdPath":"Frame14/Frame21/Linear23/Button_8/ImageView_5"},{"valueAsBoolean":false,"valueAsInt":4,"animate":"FAST","prop":"VISIBILITY","value":4,"viewIdPath":"Frame14/Frame21/Linear23/Button_7/TextView_6"},{"valueAsBoolean":false,"valueAsInt":4,"animate":"FAST","prop":"VISIBILITY","value":4,"viewIdPath":"Frame14/Frame21/Linear23/Button_8/TextView_6"},{"valueAsBoolean":false,"valueAsInt":6,"animate":"FAST","prop":"LAYOUT_MARGIN_TOP","value":6,"viewIdPath":"Frame14/Frame21/Linear23/Button5/ImageView_5"},{"valueAsBoolean":false,"valueAsInt":0,"animate":"FAST","prop":"VISIBILITY","value":0,"viewIdPath":"Frame14/Frame21/Linear23/Button5/TextView_6"},{"valueAsBoolean":false,"valueAsInt":16,"animate":"FAST","prop":"LAYOUT_MARGIN_TOP","value":16,"viewIdPath":"Frame14/Frame21/Linear23/Button_9/ImageView_5"},{"valueAsBoolean":false,"valueAsInt":4,"animate":"FAST","prop":"VISIBILITY","value":4,"viewIdPath":"Frame14/Frame21/Linear23/Button_9/TextView_6"},{"valueAsBoolean":false,"valueAsInt":16,"animate":"FAST","prop":"LAYOUT_MARGIN_TOP","value":16,"viewIdPath":"Frame14/Frame21/Linear23/Button6/ImageView_5"},{"valueAsBoolean":false,"valueAsInt":4,"animate":"FAST","prop":"VISIBILITY","value":4,"viewIdPath":"Frame14/Frame21/Linear23/Button6/TextView_6"}],"empty":false},"CUSTOM_TAG":"gameButtonContainer:View!"}},{"children":[{"children":null,"properties":{"BACKGROUND_COLOR":["com.crane.mockapp.core.model.theme.ThemeModelColor","TRANSPARENT"],"OUTLINE_RADIUS":18,"LAYOUT_MARGIN_START":0,"VIEW_ID":"ImageView_5","VISIBILITY":0,"OUTLINE_CLIP_TO_OUTLINE":true,"LAYOUT_GRAVITY":49,"LAYOUT_MARGIN_END":0,"IMAGE_SCALE_TYPE":["android.widget.ImageView$ScaleType","FIT_XY"],"ICON_SIZE":24,"LAYOUT_HEIGHT":24,"ICON_COLOR":["com.crane.mockapp.core.model.theme.ThemeModelColor","ICON_ACTIVE"],"OUTLINE_OFFSET":0,"VIEW_CLASS_NAME":"android.widget.ImageView","LAYOUT_WIDTH":24,"ON_CLICK":{"@class":"com.crane.mockapp.core.model.layouts.PropEventOpenCustomLayoutValue","layoutValue":null,"openAs":"ACTIVITY","empty":true},"ELEVATION":0,"ICON_DRAWABLE":"gmd_settings","OUTLINE_ENABLED":false,"LAYOUT_MARGIN_BOTTOM":0,"LAYOUT_MARGIN_TOP":16}},{"children":null,"properties":{"TEXT":"Settings","BACKGROUND_COLOR":["com.crane.mockapp.core.model.theme.ThemeModelColor","TRANSPARENT"],"TEXT_MAX_LINES":1,"LAYOUT_MARGIN_START":0,"VIEW_ID":"TextView_6","VISIBILITY":4,"LAYOUT_GRAVITY":81,"TEXT_COLOR":["com.crane.mockapp.core.model.theme.ThemeModelColor","TEXT_PRIMARY"],"LAYOUT_MARGIN_END":0,"LAYOUT_HEIGHT":-2,"VIEW_CLASS_NAME":"android.widget.TextView","LAYOUT_WIDTH":-2,"TEXT_SIZE":12,"LAYOUT_MARGIN_BOTTOM":8,"TEXT_MIN_LINES":1,"LAYOUT_MARGIN_TOP":0}}],"properties":{"BACKGROUND_COLOR":["com.crane.mockapp.core.model.theme.ThemeModelColor","RIPPLE"],"LAYOUT_WEIGHT":1,"PADDING_START":12,"VIEW_ID":"Button6","VISIBILITY":0,"PADDING_TOP":0,"PADDING_BOTTOM":0,"LAYOUT_HEIGHT":56,"VIEW_CLASS_NAME":"android.widget.FrameLayout","PADDING_END":12,"LAYOUT_WIDTH":0,"ON_CLICK":{"@class":"com.crane.mockapp.core.model.layouts.PropEventChangePropValues","props":[{"valueAsBoolean":false,"valueAsInt":16,"animate":"FAST","prop":"LAYOUT_MARGIN_TOP","value":16,"viewIdPath":"Frame14/Frame21/Linear23/Button_7/ImageView_5"},{"valueAsBoolean":false,"valueAsInt":16,"animate":"FAST","prop":"LAYOUT_MARGIN_TOP","value":16,"viewIdPath":"Frame14/Frame21/Linear23/Button_8/ImageView_5"},{"valueAsBoolean":false,"valueAsInt":4,"animate":"FAST","prop":"VISIBILITY","value":4,"viewIdPath":"Frame14/Frame21/Linear23/Button_7/TextView_6"},{"valueAsBoolean":false,"valueAsInt":4,"animate":"FAST","prop":"VISIBILITY","value":4,"viewIdPath":"Frame14/Frame21/Linear23/Button_8/TextView_6"},{"valueAsBoolean":false,"valueAsInt":6,"animate":"FAST","prop":"LAYOUT_MARGIN_TOP","value":6,"viewIdPath":"Frame14/Frame21/Linear23/Button6/ImageView_5"},{"valueAsBoolean":false,"valueAsInt":0,"animate":"FAST","prop":"VISIBILITY","value":0,"viewIdPath":"Frame14/Frame21/Linear23/Button6/TextView_6"},{"valueAsBoolean":false,"valueAsInt":16,"animate":"FAST","prop":"LAYOUT_MARGIN_TOP","value":16,"viewIdPath":"Frame14/Frame21/Linear23/Button_9/ImageView_5"},{"valueAsBoolean":false,"valueAsInt":4,"animate":"FAST","prop":"VISIBILITY","value":4,"viewIdPath":"Frame14/Frame21/Linear23/Button_9/TextView_6"},{"valueAsBoolean":false,"valueAsInt":16,"animate":"FAST","prop":"LAYOUT_MARGIN_TOP","value":16,"viewIdPath":"Frame14/Frame21/Linear23/Button5/ImageView_5"},{"valueAsBoolean":false,"valueAsInt":4,"animate":"FAST","prop":"VISIBILITY","value":4,"viewIdPath":"Frame14/Frame21/Linear23/Button5/TextView_6"}],"empty":false},"CUSTOM_TAG":"settingsButtonContainer:View!"}}],"properties":{"VIEW_CLASS_NAME":"android.widget.LinearLayout","BACKGROUND_COLOR":["com.crane.mockapp.core.model.theme.ThemeModelColor","White"],"OUTLINE_RADIUS":0,"LAYOUT_WIDTH":-1,"ELEVATION":35,"VIEW_ID":"Linear23","OUTLINE_CLIP_TO_OUTLINE":false,"OUTLINE_ENABLED":false,"LAYOUT_GRAVITY":8388691,"LAYOUT_HEIGHT":-2}}],"properties":{"LAYOUT_MIN_HEIGHT":0,"VIEW_CLASS_NAME":"android.widget.FrameLayout","BACKGROUND_COLOR":["com.crane.mockapp.core.model.theme.ThemeModelColor","TRANSPARENT"],"LAYOUT_MIN_WIDTH":0,"LAYOUT_WIDTH":-1,"VIEW_ID":"Frame21","LAYOUT_GRAVITY":8388691,"OUTLINE_CLIP_TO_PADDING":false,"LAYOUT_HEIGHT":-2}}],"properties":{"LAYOUT_MIN_HEIGHT":0,"VIEW_CLASS_NAME":"android.widget.FrameLayout","BACKGROUND_COLOR":["com.crane.mockapp.core.model.theme.ThemeModelColor","TRANSPARENT"],"LAYOUT_MIN_WIDTH":0,"LAYOUT_WIDTH":-1,"VIEW_ID":"Frame14","OUTLINE_CLIP_TO_PADDING":false,"LAYOUT_HEIGHT":-1}},"layoutFullScreen":false,"navDrawerLayout":null,"onBottomSheetCollapsed":null,"onBottomSheetExpanded":null,"primaryThemeId":108,"statusBarColor":"P500","statusBarColorAlpha":100}