{"accentThemeId":103,"bottomSheetFullScreen":false,"bottomSheetLayout":null,"bottomSheetMarginTop":0,"bottomSheetPeekHeight":0,"lastViewIndex":3,"layout":{"children":[{"children":[{"children":[{"children":null,"properties":{"VIEW_CLASS_NAME":"android.widget.TextView","LAYOUT_MIN_WIDTH":0,"LAYOUT_HEIGHT":-2,"TEXT_MIN_LINES":1,"LAYOUT_GRAVITY":8388627,"TEXT_COLOR_HINT":["com.crane.mockapp.core.model.theme.ThemeModelColorHint","AUTO"],"TEXT":"1","BACKGROUND_COLOR":["com.crane.mockapp.core.model.theme.ThemeModelColor","TRANSPARENT"],"TEXT_MAX_LINES":20,"VIEW_ID":"Text3","TEXT_SIZE":16,"TEXT_COLOR":["com.crane.mockapp.core.model.theme.ThemeModelColor","TEXT_PRIMARY"],"LAYOUT_WIDTH":-2,"LAYOUT_MIN_HEIGHT":0,"LAYOUT_MARGIN_TOP":0,"LAYOUT_MARGIN_START":0,"LAYOUT_MARGIN_END":0,"LAYOUT_MARGIN_BOTTOM":0}},{"children":[{"children":null,"properties":{"IMAGE_DRAWABLE":"0d3fcd7a-86b4-4af8-a669-6ab33eec65c6/flag.png","VIEW_CLASS_NAME":"android.widget.ImageView","LAYOUT_MIN_WIDTH":24,"OUTLINE_ENABLED":true,"LAYOUT_HEIGHT":45,"OUTLINE_OFFSET":0,"LAYOUT_GRAVITY":8388627,"BACKGROUND_COLOR":["com.crane.mockapp.core.model.theme.ThemeModelColor","TRANSPARENT"],"ICON_COLOR":["com.crane.mockapp.core.model.theme.ThemeModelColor","ICON_ACTIVE"],"VIEW_ID":"ImageView_5","ICON_SIZE":24,"LAYOUT_WIDTH":68,"LAYOUT_MIN_HEIGHT":24,"OUTLINE_CLIP_TO_OUTLINE":true,"LAYOUT_MARGIN_TOP":0,"LAYOUT_MARGIN_START":0,"LAYOUT_MARGIN_END":0,"LAYOUT_MARGIN_BOTTOM":0,"OUTLINE_RADIUS":4}}],"properties":{"VIEW_CLASS_NAME":"android.widget.FrameLayout","PADDING_TOP":0,"LAYOUT_MIN_WIDTH":24,"OUTLINE_ENABLED":true,"LAYOUT_HEIGHT":-2,"LAYOUT_GRAVITY":8388627,"PADDING_START":0,"BACKGROUND_COLOR":["com.crane.mockapp.core.model.theme.ThemeModelColor","White"],"PADDING_BOTTOM":0,"VIEW_ID":"FrameLayout_4","ELEVATION":17,"OUTLINE_CLIP_TO_PADDING":true,"LAYOUT_WIDTH":-2,"LAYOUT_MIN_HEIGHT":24,"OUTLINE_CLIP_TO_OUTLINE":true,"LAYOUT_MARGIN_TOP":0,"PADDING_END":0,"LAYOUT_MARGIN_START":16,"LAYOUT_MARGIN_END":8,"LAYOUT_MARGIN_BOTTOM":0,"OUTLINE_RADIUS":8}},{"children":[{"children":[{"children":[{"children":[{"children":null,"properties":{"VIEW_CLASS_NAME":"android.widget.TextView","PADDING_TOP":0,"LAYOUT_MIN_WIDTH":24,"LAYOUT_HEIGHT":-2,"LAYOUT_GRAVITY":8388659,"LAYOUT_WEIGHT":1,"TEXT":"USA","PADDING_START":0,"BACKGROUND_COLOR":["com.crane.mockapp.core.model.theme.ThemeModelColor","TRANSPARENT"],"PADDING_BOTTOM":0,"TEXT_MAX_LINES":1,"VIEW_ID":"TextView_14","TEXT_SIZE":16,"TEXT_COLOR":["com.crane.mockapp.core.model.theme.ThemeModelColor","TEXT_PRIMARY"],"LAYOUT_WIDTH":0,"TEXT_GRAVITY":8388627,"LAYOUT_MIN_HEIGHT":24,"PADDING_END":0}}],"properties":{"VIEW_CLASS_NAME":"android.widget.LinearLayout","LAYOUT_MIN_WIDTH":24,"LAYOUT_HEIGHT":-2,"LAYOUT_WIDTH":-1,"BACKGROUND_COLOR":["com.crane.mockapp.core.model.theme.ThemeModelColor","TRANSPARENT"],"LAYOUT_MIN_HEIGHT":24,"VIEW_ID":"LinearLayout_13"}},{"children":null,"properties":{"VIEW_CLASS_NAME":"android.widget.TextView","LAYOUT_MIN_WIDTH":24,"LAYOUT_HEIGHT":-2,"TEXT_COLOR":["com.crane.mockapp.core.model.theme.ThemeModelColor","TEXT_SECONDARY"],"LAYOUT_GRAVITY":8388659,"TEXT":"Washington","LAYOUT_WIDTH":-1,"BACKGROUND_COLOR":["com.crane.mockapp.core.model.theme.ThemeModelColor","TRANSPARENT"],"TEXT_MAX_LINES":1,"LAYOUT_MIN_HEIGHT":24,"VIEW_ID":"TextView_5"}},{"children":null,"properties":{"VIEW_CLASS_NAME":"android.widget.TextView","LAYOUT_MIN_WIDTH":24,"LAYOUT_HEIGHT":-2,"TEXT_COLOR":["com.crane.mockapp.core.model.theme.ThemeModelColor","TEXT_SECONDARY"],"LAYOUT_GRAVITY":8388659,"TEXT":"600,000.8 Million people","LAYOUT_WIDTH":-1,"BACKGROUND_COLOR":["com.crane.mockapp.core.model.theme.ThemeModelColor","TRANSPARENT"],"TEXT_MAX_LINES":1,"LAYOUT_MIN_HEIGHT":24,"VIEW_ID":"Text2"}}],"properties":{"VIEW_CLASS_NAME":"android.widget.LinearLayout","PADDING_TOP":0,"LAYOUT_MIN_WIDTH":24,"LAYOUT_HEIGHT":-2,"LAYOUT_GRAVITY":8388627,"LAYOUT_WEIGHT":1,"PADDING_START":0,"BACKGROUND_COLOR":["com.crane.mockapp.core.model.theme.ThemeModelColor","TRANSPARENT"],"PADDING_BOTTOM":0,"VIEW_ID":"LinearLayout_12","LAYOUT_WIDTH":-1,"LAYOUT_MIN_HEIGHT":24,"PADDING_END":0,"LAYOUT_ORIENTATION":1}}],"properties":{"VIEW_CLASS_NAME":"android.widget.FrameLayout","PADDING_TOP":0,"LAYOUT_MIN_WIDTH":24,"LAYOUT_HEIGHT":72,"PADDING_START":0,"LAYOUT_WIDTH":-1,"PADDING_BOTTOM":0,"BACKGROUND_COLOR":["com.crane.mockapp.core.model.theme.ThemeModelColor","TRANSPARENT"],"LAYOUT_MIN_HEIGHT":24,"VIEW_ID":"Frame18","PADDING_END":0}}],"properties":{"VIEW_CLASS_NAME":"android.widget.FrameLayout","PADDING_TOP":0,"LAYOUT_MIN_WIDTH":0,"LAYOUT_HEIGHT":-2,"LAYOUT_WEIGHT":1,"PADDING_START":0,"PADDING_BOTTOM":0,"BACKGROUND_COLOR":["com.crane.mockapp.core.model.theme.ThemeModelColor","TRANSPARENT"],"VIEW_ID":"two-line_2","OUTLINE_CLIP_TO_PADDING":false,"LAYOUT_WIDTH":0,"LAYOUT_MIN_HEIGHT":0,"PADDING_END":0}},{"children":[{"children":null,"properties":{"VIEW_CLASS_NAME":"android.widget.CheckBox","PADDING_TOP":0,"LAYOUT_MIN_WIDTH":0,"LAYOUT_HEIGHT":-2,"TEXT_MIN_LINES":1,"LAYOUT_GRAVITY":17,"TEXT_COLOR_HINT":["com.crane.mockapp.core.model.theme.ThemeModelColorHint","AUTO"],"TEXT":"","PADDING_START":0,"BACKGROUND_COLOR":["com.crane.mockapp.core.model.theme.ThemeModelColor","TRANSPARENT"],"PADDING_BOTTOM":0,"TEXT_MAX_LINES":20,"VIEW_ID":"Check4","TEXT_COLOR":["com.crane.mockapp.core.model.theme.ThemeModelColor","TEXT_PRIMARY"],"LAYOUT_WIDTH":-2,"LAYOUT_MIN_HEIGHT":0,"PADDING_END":0}}],"properties":{"VIEW_CLASS_NAME":"android.widget.FrameLayout","LAYOUT_MIN_WIDTH":24,"LAYOUT_HEIGHT":-1,"LAYOUT_GRAVITY":8388627,"LAYOUT_WIDTH":48,"BACKGROUND_COLOR":["com.crane.mockapp.core.model.theme.ThemeModelColor","TRANSPARENT"],"LAYOUT_MIN_HEIGHT":24,"VIEW_ID":"FrameLayout_1","ON_CLICK":{"@class":"com.crane.mockapp.core.model.layouts.PropEventChangePropValues","props":[{"valueAsBoolean":true,"valueAsInt":0,"animate":null,"prop":"CHECKED","value":true,"viewIdPath":"Frame1/Frame3/Linear4/FrameLayout_1/Check4"}],"empty":false}}}],"properties":{"VIEW_CLASS_NAME":"android.widget.LinearLayout","PADDING_TOP":0,"LAYOUT_MIN_WIDTH":24,"LAYOUT_HEIGHT":-2,"PADDING_START":0,"LAYOUT_WIDTH":-1,"PADDING_BOTTOM":0,"BACKGROUND_COLOR":["com.crane.mockapp.core.model.theme.ThemeModelColor","TRANSPARENT"],"LAYOUT_MIN_HEIGHT":24,"VIEW_ID":"Linear4","PADDING_END":0}}],"properties":{"VIEW_CLASS_NAME":"android.widget.FrameLayout","LAYOUT_MIN_WIDTH":0,"LAYOUT_HEIGHT":-2,"LAYOUT_WIDTH":-1,"BACKGROUND_COLOR":["com.crane.mockapp.core.model.theme.ThemeModelColor","TRANSPARENT"],"LAYOUT_MIN_HEIGHT":0,"VIEW_ID":"Frame3","OUTLINE_CLIP_TO_PADDING":false}}],"properties":{"VIEW_CLASS_NAME":"android.widget.FrameLayout","LAYOUT_MIN_WIDTH":0,"LAYOUT_HEIGHT":-2,"LAYOUT_WIDTH":-1,"BACKGROUND_COLOR":["com.crane.mockapp.core.model.theme.ThemeModelColor","RIPPLE"],"LAYOUT_MIN_HEIGHT":0,"VIEW_ID":"Frame1","ON_CLICK":{"@class":"com.crane.mockapp.core.model.layouts.PropEventOpenCustomLayoutValue","layoutValue":{"projectId":"0d3fcd7a-86b4-4af8-a669-6ab33eec65c6","layoutId":"a2a3a128-2c98-4a1d-997d-5bdeb0919401"},"openAs":"ACTIVITY","empty":false},"OUTLINE_CLIP_TO_PADDING":false}},"layoutFullScreen":false,"navDrawerLayout":null,"onBottomSheetCollapsed":null,"onBottomSheetExpanded":null,"primaryThemeId":108,"statusBarColor":"P700","statusBarColorAlpha":100}