{"accentThemeId":103,"bottomSheetFullScreen":false,"bottomSheetLayout":null,"bottomSheetMarginTop":0,"bottomSheetPeekHeight":0,"lastViewIndex":8,"layout":{"children":[{"children":null,"properties":{"LAYOUT_MIN_HEIGHT":0,"TEXT":"Tap checkmark to see countries analytics","BACKGROUND_COLOR":["com.crane.mockapp.core.model.theme.ThemeModelColor","TRANSPARENT"],"TEXT_MAX_LINES":20,"PADDING_START":16,"TEXT_COLOR_HINT":["com.crane.mockapp.core.model.theme.ThemeModelColorHint","AUTO"],"VIEW_ID":"Text4","TEXT_COLOR":["com.crane.mockapp.core.model.theme.ThemeModelColor","TEXT_DISABLED"],"PADDING_TOP":16,"PADDING_BOTTOM":8,"LAYOUT_HEIGHT":-2,"VIEW_CLASS_NAME":"android.widget.TextView","LAYOUT_MIN_WIDTH":0,"PADDING_END":16,"LAYOUT_WIDTH":-2,"TEXT_MIN_LINES":1}},{"children":null,"properties":{"LAYOUT_MIN_HEIGHT":0,"TEXT":"Favorites","BACKGROUND_COLOR":["com.crane.mockapp.core.model.theme.ThemeModelColor","TRANSPARENT"],"TEXT_MAX_LINES":20,"PADDING_START":16,"TEXT_COLOR_HINT":["com.crane.mockapp.core.model.theme.ThemeModelColorHint","AUTO"],"VIEW_ID":"Text5","TEXT_COLOR":["com.crane.mockapp.core.model.theme.ThemeModelColor","TEXT_PRIMARY"],"PADDING_TOP":0,"PADDING_BOTTOM":16,"LAYOUT_HEIGHT":-2,"VIEW_CLASS_NAME":"android.widget.TextView","LAYOUT_MIN_WIDTH":0,"PADDING_END":16,"LAYOUT_WIDTH":-2,"TEXT_SIZE":24,"TEXT_STYLE":1,"TEXT_MIN_LINES":1}},{"children":null,"properties":{"LAYOUT_MIN_HEIGHT":1,"VIEW_CLASS_NAME":"android.view.View","BACKGROUND_COLOR":["com.crane.mockapp.core.model.theme.ThemeModelColor","DIVIDER"],"LAYOUT_MIN_WIDTH":1,"LAYOUT_WIDTH":-1,"LAYOUT_MARGIN_START":0,"VIEW_ID":"View8","LAYOUT_MARGIN_BOTTOM":0,"LAYOUT_MARGIN_END":0,"LAYOUT_MARGIN_TOP":0,"LAYOUT_HEIGHT":1}},{"children":null,"properties":{"LAYOUT_MIN_HEIGHT":0,"BACKGROUND_COLOR":["com.crane.mockapp.core.model.theme.ThemeModelColor","TRANSPARENT"],"LAYOUT_WEIGHT":1,"RECYCLER_VIEW_ITEM_LAYOUT":{"@class":"com.crane.mockapp.core.model.layouts.PropLayoutValue","projectId":"0d3fcd7a-86b4-4af8-a669-6ab33eec65c6","layoutId":"bcde1a55-87ea-409e-b6e7-575f089818ab"},"VIEW_ID":"Recycler7","OUTLINE_CLIP_TO_OUTLINE":true,"RECYCLER_VIEW_ITEM_COUNT":27,"LAYOUT_HEIGHT":0,"VIEW_CLASS_NAME":"androidx.recyclerview.widget.RecyclerView","LAYOUT_MIN_WIDTH":0,"LAYOUT_WIDTH":-1,"CUSTOM_TAG":"recyclerView:RecyclerView!","OUTLINE_ENABLED":true,"OUTLINE_CLIP_TO_PADDING":true}}],"properties":{"LAYOUT_MIN_HEIGHT":0,"BACKGROUND_COLOR":["com.crane.mockapp.core.model.theme.ThemeModelColor","TRANSPARENT"],"PADDING_START":0,"VIEW_ID":"Linear3","PADDING_TOP":0,"PADDING_BOTTOM":0,"LAYOUT_ORIENTATION":1,"LAYOUT_HEIGHT":-1,"VIEW_CLASS_NAME":"android.widget.LinearLayout","LAYOUT_MIN_WIDTH":0,"PADDING_END":0,"LAYOUT_WIDTH":-1,"OUTLINE_CLIP_TO_PADDING":false}},"layoutFullScreen":false,"navDrawerLayout":null,"onBottomSheetCollapsed":null,"onBottomSheetExpanded":null,"primaryThemeId":108,"statusBarColor":"P700","statusBarColorAlpha":100}