{"accentThemeId":103,"bottomSheetFullScreen":false,"bottomSheetLayout":null,"bottomSheetMarginTop":0,"bottomSheetPeekHeight":0,"lastViewIndex":4,"layout":{"children":[{"children":[{"children":[{"children":[{"children":null,"properties":{"VIEW_CLASS_NAME":"android.widget.ImageView","VIEW_ID":"ImageView_5","LAYOUT_HEIGHT":45,"ICON_SIZE":24,"LAYOUT_MIN_WIDTH":24,"OUTLINE_CLIP_TO_OUTLINE":true,"LAYOUT_WIDTH":68,"LAYOUT_MIN_HEIGHT":24,"LAYOUT_GRAVITY":8388627,"LAYOUT_MARGIN_TOP":0,"OUTLINE_OFFSET":0,"LAYOUT_MARGIN_BOTTOM":0,"OUTLINE_RADIUS":4,"IMAGE_DRAWABLE":"0d3fcd7a-86b4-4af8-a669-6ab33eec65c6/flag.png","LAYOUT_MARGIN_START":0,"OUTLINE_ENABLED":true,"ICON_COLOR":["com.crane.mockapp.core.model.theme.ThemeModelColor","ICON_ACTIVE"],"LAYOUT_MARGIN_END":0,"BACKGROUND_COLOR":["com.crane.mockapp.core.model.theme.ThemeModelColor","TRANSPARENT"]}}],"properties":{"VIEW_CLASS_NAME":"android.widget.FrameLayout","VIEW_ID":"FrameLayout_4","PADDING_START":4,"LAYOUT_HEIGHT":-2,"LAYOUT_MIN_WIDTH":24,"OUTLINE_CLIP_TO_OUTLINE":true,"LAYOUT_WIDTH":-2,"LAYOUT_MIN_HEIGHT":24,"PADDING_TOP":4,"LAYOUT_GRAVITY":8388627,"PADDING_END":4,"OUTLINE_CLIP_TO_PADDING":true,"LAYOUT_MARGIN_TOP":0,"LAYOUT_MARGIN_BOTTOM":0,"OUTLINE_RADIUS":8,"LAYOUT_MARGIN_START":16,"OUTLINE_ENABLED":true,"LAYOUT_MARGIN_END":8,"PADDING_BOTTOM":4,"ELEVATION":12,"BACKGROUND_COLOR":["com.crane.mockapp.core.model.theme.ThemeModelColor","White"]}},{"children":[{"children":[{"children":[{"children":[{"children":null,"properties":{"VIEW_CLASS_NAME":"android.widget.TextView","VIEW_ID":"TextView_14","TEXT_GRAVITY":8388627,"PADDING_START":0,"LAYOUT_HEIGHT":-2,"TEXT_COLOR":["com.crane.mockapp.core.model.theme.ThemeModelColor","TEXT_PRIMARY"],"LAYOUT_MIN_WIDTH":24,"LAYOUT_WIDTH":0,"LAYOUT_MIN_HEIGHT":24,"PADDING_TOP":0,"LAYOUT_GRAVITY":8388659,"PADDING_END":0,"TEXT":"USA","LAYOUT_WEIGHT":1,"TEXT_MAX_LINES":1,"TEXT_SIZE":16,"PADDING_BOTTOM":0,"BACKGROUND_COLOR":["com.crane.mockapp.core.model.theme.ThemeModelColor","TRANSPARENT"]}}],"properties":{"VIEW_CLASS_NAME":"android.widget.LinearLayout","VIEW_ID":"LinearLayout_13","LAYOUT_HEIGHT":-2,"LAYOUT_MIN_WIDTH":24,"LAYOUT_WIDTH":-1,"LAYOUT_MIN_HEIGHT":24,"BACKGROUND_COLOR":["com.crane.mockapp.core.model.theme.ThemeModelColor","TRANSPARENT"]}},{"children":null,"properties":{"VIEW_CLASS_NAME":"android.widget.TextView","VIEW_ID":"TextView_5","LAYOUT_HEIGHT":-2,"TEXT_COLOR":["com.crane.mockapp.core.model.theme.ThemeModelColor","TEXT_SECONDARY"],"TEXT_MAX_LINES":1,"LAYOUT_MIN_WIDTH":24,"LAYOUT_WIDTH":-1,"LAYOUT_MIN_HEIGHT":24,"LAYOUT_GRAVITY":8388659,"TEXT":"Washington","BACKGROUND_COLOR":["com.crane.mockapp.core.model.theme.ThemeModelColor","TRANSPARENT"]}}],"properties":{"VIEW_CLASS_NAME":"android.widget.LinearLayout","VIEW_ID":"LinearLayout_12","PADDING_START":0,"LAYOUT_HEIGHT":-2,"LAYOUT_ORIENTATION":1,"LAYOUT_MIN_WIDTH":24,"LAYOUT_WIDTH":-1,"LAYOUT_MIN_HEIGHT":24,"PADDING_TOP":0,"LAYOUT_GRAVITY":8388627,"PADDING_END":0,"LAYOUT_WEIGHT":1,"PADDING_BOTTOM":0,"BACKGROUND_COLOR":["com.crane.mockapp.core.model.theme.ThemeModelColor","TRANSPARENT"]}}],"properties":{"VIEW_CLASS_NAME":"android.widget.FrameLayout","VIEW_ID":"Frame18","PADDING_START":0,"LAYOUT_HEIGHT":72,"LAYOUT_MIN_WIDTH":24,"LAYOUT_WIDTH":-1,"LAYOUT_MIN_HEIGHT":24,"PADDING_TOP":0,"PADDING_BOTTOM":0,"PADDING_END":0,"BACKGROUND_COLOR":["com.crane.mockapp.core.model.theme.ThemeModelColor","TRANSPARENT"]}}],"properties":{"VIEW_CLASS_NAME":"android.widget.FrameLayout","VIEW_ID":"two-line_2","PADDING_START":0,"LAYOUT_HEIGHT":-2,"LAYOUT_MIN_WIDTH":0,"LAYOUT_WIDTH":0,"LAYOUT_MIN_HEIGHT":0,"PADDING_TOP":0,"PADDING_END":0,"LAYOUT_WEIGHT":1,"OUTLINE_CLIP_TO_PADDING":false,"PADDING_BOTTOM":0,"BACKGROUND_COLOR":["com.crane.mockapp.core.model.theme.ThemeModelColor","TRANSPARENT"]}},{"children":[{"children":null,"properties":{"VIEW_CLASS_NAME":"android.widget.CheckBox","VIEW_ID":"Check4","PADDING_START":8,"LAYOUT_HEIGHT":36,"TEXT_COLOR":["com.crane.mockapp.core.model.theme.ThemeModelColor","TEXT_PRIMARY"],"LAYOUT_MIN_WIDTH":0,"TEXT_COLOR_HINT":["com.crane.mockapp.core.model.theme.ThemeModelColorHint","AUTO"],"TEXT_MIN_LINES":1,"LAYOUT_WIDTH":-2,"LAYOUT_MIN_HEIGHT":0,"PADDING_TOP":0,"PADDING_END":8,"TEXT":"","TEXT_MAX_LINES":20,"PADDING_BOTTOM":0,"BACKGROUND_COLOR":["com.crane.mockapp.core.model.theme.ThemeModelColor","TRANSPARENT"]}}],"properties":{"VIEW_CLASS_NAME":"android.widget.FrameLayout","VIEW_ID":"FrameLayout_1","LAYOUT_HEIGHT":-2,"LAYOUT_MIN_WIDTH":24,"LAYOUT_WIDTH":-2,"LAYOUT_MIN_HEIGHT":24,"LAYOUT_GRAVITY":8388627,"BACKGROUND_COLOR":["com.crane.mockapp.core.model.theme.ThemeModelColor","TRANSPARENT"]}}],"properties":{"VIEW_CLASS_NAME":"android.widget.LinearLayout","VIEW_ID":"Linear4","PADDING_START":0,"LAYOUT_HEIGHT":-2,"LAYOUT_MIN_WIDTH":24,"LAYOUT_WIDTH":-1,"LAYOUT_MIN_HEIGHT":24,"PADDING_TOP":0,"PADDING_BOTTOM":0,"PADDING_END":0,"BACKGROUND_COLOR":["com.crane.mockapp.core.model.theme.ThemeModelColor","TRANSPARENT"]}}],"properties":{"VIEW_CLASS_NAME":"android.widget.FrameLayout","VIEW_ID":"Frame3","LAYOUT_HEIGHT":-2,"LAYOUT_MIN_WIDTH":0,"LAYOUT_WIDTH":-1,"LAYOUT_MIN_HEIGHT":0,"OUTLINE_CLIP_TO_PADDING":false,"BACKGROUND_COLOR":["com.crane.mockapp.core.model.theme.ThemeModelColor","TRANSPARENT"]}}],"properties":{"VIEW_CLASS_NAME":"android.widget.FrameLayout","VIEW_ID":"Frame1","LAYOUT_HEIGHT":-2,"LAYOUT_MIN_WIDTH":0,"LAYOUT_WIDTH":-1,"LAYOUT_MIN_HEIGHT":0,"OUTLINE_CLIP_TO_PADDING":false,"BACKGROUND_COLOR":["com.crane.mockapp.core.model.theme.ThemeModelColor","TRANSPARENT"]}},"layoutFullScreen":false,"navDrawerLayout":null,"onBottomSheetCollapsed":null,"onBottomSheetExpanded":null,"primaryThemeId":108,"statusBarColor":"P700","statusBarColorAlpha":100}