{"accentThemeId":103,"bottomSheetFullScreen":false,"bottomSheetLayout":null,"bottomSheetMarginTop":0,"bottomSheetPeekHeight":0,"lastViewIndex":34,"layout":{"children":[{"children":[{"children":[{"children":null,"properties":{"VIEW_ID":"Text6","VIEW_CLASS_NAME":"android.widget.TextView"}},{"children":null,"properties":{"VIEW_ID":"Text7","VIEW_CLASS_NAME":"android.widget.TextView","VISIBILITY":8}}],"properties":{"VIEW_ID":"Linear2","VIEW_CLASS_NAME":"android.widget.LinearLayout"}},{"children":null,"properties":{"VIEW_ID":"View12","VIEW_CLASS_NAME":"android.view.View"}},{"children":[{"children":[{"children":null,"properties":{"VIEW_ID":"Text11","VIEW_CLASS_NAME":"android.widget.TextView"}}],"properties":{"VIEW_ID":"Frame10","VIEW_CLASS_NAME":"android.widget.FrameLayout"}}],"properties":{"VIEW_ID":"Frame8","VIEW_CLASS_NAME":"android.widget.FrameLayout"}}],"properties":{"VIEW_ID":"Frame34","CUSTOM_LAYOUT_LAYOUT":{"@class":"com.crane.mockapp.core.model.layouts.PropLayoutValue","projectId":"0d3fcd7a-86b4-4af8-a669-6ab33eec65c6","layoutId":"8645d2a6-c6a1-4140-b066-cecd797be880"}}},{"children":[{"children":null,"properties":{"IMAGE_DRAWABLE":"0d3fcd7a-86b4-4af8-a669-6ab33eec65c6/game_bg (1).png","LAYOUT_HEIGHT":-2,"BACKGROUND_COLOR":["com.crane.mockapp.core.model.theme.ThemeModelColor","TRANSPARENT"],"LAYOUT_MARGIN_TOP":96,"LAYOUT_MIN_HEIGHT":0,"ICON_COLOR":["com.crane.mockapp.core.model.theme.ThemeModelColor","ICON_ACTIVE"],"IMAGE_SCALE_TYPE":["android.widget.ImageView$ScaleType","CENTER"],"LAYOUT_MIN_WIDTH":0,"LAYOUT_GRAVITY":8388627,"ICON_SIZE":24,"VIEW_ID":"Image17","ICON_COLOR_HINT":["com.crane.mockapp.core.model.theme.ThemeModelColorHint","AUTO"],"VIEW_CLASS_NAME":"android.widget.ImageView","LAYOUT_WIDTH":-2,"LAYOUT_MARGIN_BOTTOM":0,"LAYOUT_MARGIN_END":0,"LAYOUT_MARGIN_START":0}},{"children":[{"children":null,"properties":{"LAYOUT_HEIGHT":-2,"BACKGROUND_COLOR":["com.crane.mockapp.core.model.theme.ThemeModelColor","TRANSPARENT"],"TEXT_COLOR":["com.crane.mockapp.core.model.theme.ThemeModelColor","TEXT_PRIMARY"],"TEXT":"Become a profi in Countries data!","LAYOUT_MARGIN_TOP":0,"TEXT_STYLE":1,"LAYOUT_MIN_HEIGHT":0,"TEXT_MIN_LINES":1,"LAYOUT_MIN_WIDTH":0,"TEXT_SIZE":20,"LAYOUT_GRAVITY":49,"TEXT_MAX_LINES":20,"TEXT_GRAVITY":49,"VIEW_ID":"Text7","TEXT_COLOR_HINT":["com.crane.mockapp.core.model.theme.ThemeModelColorHint","AUTO"],"VIEW_CLASS_NAME":"android.widget.TextView","LAYOUT_WIDTH":-2,"LAYOUT_MARGIN_BOTTOM":32,"LAYOUT_MARGIN_END":0,"LAYOUT_MARGIN_START":0}},{"children":null,"properties":{"IMAGE_DRAWABLE":"0d3fcd7a-86b4-4af8-a669-6ab33eec65c6/game_progress (1).png","LAYOUT_HEIGHT":-2,"BACKGROUND_COLOR":["com.crane.mockapp.core.model.theme.ThemeModelColor","TRANSPARENT"],"LAYOUT_MARGIN_TOP":0,"LAYOUT_MIN_HEIGHT":0,"ICON_COLOR":["com.crane.mockapp.core.model.theme.ThemeModelColor","ICON_ACTIVE"],"LAYOUT_MIN_WIDTH":0,"ICON_SIZE":24,"VIEW_ID":"Image8","ICON_COLOR_HINT":["com.crane.mockapp.core.model.theme.ThemeModelColorHint","AUTO"],"VIEW_CLASS_NAME":"android.widget.ImageView","LAYOUT_WIDTH":-1,"LAYOUT_MARGIN_BOTTOM":4,"LAYOUT_MARGIN_END":24,"LAYOUT_MARGIN_START":24}},{"children":[{"children":null,"properties":{"LAYOUT_HEIGHT":-2,"BACKGROUND_COLOR":["com.crane.mockapp.core.model.theme.ThemeModelColor","TRANSPARENT"],"TEXT_COLOR":["com.crane.mockapp.core.model.theme.ThemeModelColor","TEXT_PRIMARY"],"TEXT":"Assistant","TEXT_STYLE":1,"LAYOUT_MIN_HEIGHT":0,"TEXT_MIN_LINES":1,"LAYOUT_MIN_WIDTH":0,"TEXT_SIZE":16,"LAYOUT_GRAVITY":8388691,"TEXT_MAX_LINES":20,"VIEW_ID":"Text23","TEXT_COLOR_HINT":["com.crane.mockapp.core.model.theme.ThemeModelColorHint","AUTO"],"VIEW_CLASS_NAME":"android.widget.TextView","LAYOUT_WIDTH":-2}},{"children":null,"properties":{"LAYOUT_HEIGHT":-2,"LAYOUT_WEIGHT":1,"BACKGROUND_COLOR":["com.crane.mockapp.core.model.theme.ThemeModelColor","TRANSPARENT"],"TEXT_COLOR":["com.crane.mockapp.core.model.theme.ThemeModelColor","TEXT_DISABLED"],"TEXT":"Bachelor","TEXT_STYLE":0,"LAYOUT_MIN_HEIGHT":0,"TEXT_MIN_LINES":1,"LAYOUT_MIN_WIDTH":0,"TEXT_SIZE":14,"LAYOUT_GRAVITY":81,"TEXT_MAX_LINES":20,"TEXT_GRAVITY":49,"VIEW_ID":"Text24","TEXT_COLOR_HINT":["com.crane.mockapp.core.model.theme.ThemeModelColorHint","AUTO"],"VIEW_CLASS_NAME":"android.widget.TextView","LAYOUT_WIDTH":-2}},{"children":null,"properties":{"LAYOUT_HEIGHT":-2,"BACKGROUND_COLOR":["com.crane.mockapp.core.model.theme.ThemeModelColor","TRANSPARENT"],"TEXT_COLOR":["com.crane.mockapp.core.model.theme.ThemeModelColor","TEXT_DISABLED"],"TEXT":"Master","TEXT_STYLE":0,"LAYOUT_MIN_HEIGHT":0,"TEXT_MIN_LINES":1,"LAYOUT_MIN_WIDTH":0,"TEXT_SIZE":14,"LAYOUT_GRAVITY":8388693,"TEXT_MAX_LINES":20,"VIEW_ID":"Text25","TEXT_COLOR_HINT":["com.crane.mockapp.core.model.theme.ThemeModelColorHint","AUTO"],"VIEW_CLASS_NAME":"android.widget.TextView","LAYOUT_WIDTH":-2}}],"properties":{"LAYOUT_HEIGHT":-2,"BACKGROUND_COLOR":["com.crane.mockapp.core.model.theme.ThemeModelColor","TRANSPARENT"],"LAYOUT_MIN_HEIGHT":0,"VIEW_ID":"Frame20","OUTLINE_CLIP_TO_PADDING":false,"VIEW_CLASS_NAME":"android.widget.FrameLayout","LAYOUT_WIDTH":-1,"LAYOUT_MIN_WIDTH":0}},{"children":null,"properties":{"LAYOUT_HEIGHT":0,"LAYOUT_WEIGHT":1,"BACKGROUND_COLOR":["com.crane.mockapp.core.model.theme.ThemeModelColor","TRANSPARENT"],"LAYOUT_MIN_HEIGHT":0,"VIEW_ID":"View19","VIEW_CLASS_NAME":"android.view.View","LAYOUT_WIDTH":16,"LAYOUT_MIN_WIDTH":0}},{"children":null,"properties":{"LAYOUT_HEIGHT":-2,"BACKGROUND_COLOR":["com.crane.mockapp.core.model.theme.ThemeModelColor","TRANSPARENT"],"TEXT_COLOR":["com.crane.mockapp.core.model.theme.ThemeModelColor","TEXT_PRIMARY"],"TEXT":"You have to answer 7 questions on each level","LAYOUT_MARGIN_TOP":0,"TEXT_STYLE":1,"LAYOUT_MIN_HEIGHT":0,"TEXT_MIN_LINES":1,"LAYOUT_MIN_WIDTH":0,"TEXT_SIZE":16,"LAYOUT_GRAVITY":17,"TEXT_MAX_LINES":20,"TEXT_GRAVITY":17,"VIEW_ID":"Text13","TEXT_COLOR_HINT":["com.crane.mockapp.core.model.theme.ThemeModelColorHint","AUTO"],"VIEW_CLASS_NAME":"android.widget.TextView","LAYOUT_WIDTH":-2,"LAYOUT_MARGIN_BOTTOM":0,"LAYOUT_MARGIN_END":24,"LAYOUT_MARGIN_START":24}},{"children":null,"properties":{"LAYOUT_HEIGHT":0,"LAYOUT_WEIGHT":1,"BACKGROUND_COLOR":["com.crane.mockapp.core.model.theme.ThemeModelColor","TRANSPARENT"],"LAYOUT_MIN_HEIGHT":0,"VIEW_ID":"View18","VIEW_CLASS_NAME":"android.view.View","LAYOUT_WIDTH":16,"LAYOUT_MIN_WIDTH":0}},{"children":null,"properties":{"PADDING_TOP":0,"LAYOUT_HEIGHT":36,"BACKGROUND_COLOR":["com.crane.mockapp.core.model.theme.ThemeModelColor","P500"],"TEXT_COLOR":["com.crane.mockapp.core.model.theme.ThemeModelColor","P500"],"TEXT":"Leaderboard","OUTLINE_CLIP_TO_OUTLINE":false,"LAYOUT_MIN_HEIGHT":0,"BACKGROUND_ALPHA":20,"TEXT_SIZE":16,"LAYOUT_GRAVITY":49,"VIEW_ID":"Button14","LAYOUT_WIDTH":-1,"LAYOUT_MARGIN_END":0,"PADDING_BOTTOM":0,"PADDING_END":8,"LAYOUT_MARGIN_TOP":0,"TEXT_MIN_LINES":1,"PADDING_START":8,"LAYOUT_MIN_WIDTH":0,"TEXT_MAX_LINES":20,"TEXT_COLOR_HINT":["com.crane.mockapp.core.model.theme.ThemeModelColorHint","AUTO"],"VIEW_CLASS_NAME":"android.widget.Button","LAYOUT_MARGIN_BOTTOM":24,"OUTLINE_ENABLED":false,"LAYOUT_MARGIN_START":0,"OUTLINE_RADIUS":4}},{"children":null,"properties":{"PADDING_TOP":0,"LAYOUT_HEIGHT":36,"BACKGROUND_COLOR":["com.crane.mockapp.core.model.theme.ThemeModelColor","P500"],"TEXT_COLOR":["com.crane.mockapp.core.model.theme.ThemeModelColor","P500"],"TEXT":"Game chat (messages: 2)","OUTLINE_CLIP_TO_OUTLINE":false,"LAYOUT_MIN_HEIGHT":0,"BACKGROUND_ALPHA":20,"TEXT_SIZE":16,"LAYOUT_GRAVITY":49,"VIEW_ID":"Button15","LAYOUT_WIDTH":-1,"LAYOUT_MARGIN_END":0,"PADDING_BOTTOM":0,"PADDING_END":8,"LAYOUT_MARGIN_TOP":0,"TEXT_MIN_LINES":1,"PADDING_START":8,"LAYOUT_MIN_WIDTH":0,"TEXT_MAX_LINES":20,"TEXT_COLOR_HINT":["com.crane.mockapp.core.model.theme.ThemeModelColorHint","AUTO"],"VIEW_CLASS_NAME":"android.widget.Button","LAYOUT_MARGIN_BOTTOM":24,"OUTLINE_ENABLED":false,"LAYOUT_MARGIN_START":0,"OUTLINE_RADIUS":4}},{"children":null,"properties":{"PADDING_TOP":0,"LAYOUT_HEIGHT":36,"BACKGROUND_COLOR":["com.crane.mockapp.core.model.theme.ThemeModelColor","P500"],"PADDING_END":8,"TEXT_COLOR":["com.crane.mockapp.core.model.theme.ThemeModelColor","TEXT_PRIMARY"],"TEXT":"Get Started","OUTLINE_CLIP_TO_OUTLINE":false,"LAYOUT_MIN_HEIGHT":0,"ON_CLICK":{"@class":"com.crane.mockapp.core.model.layouts.PropEventOpenCustomLayoutValue","layoutValue":{"projectId":"0d3fcd7a-86b4-4af8-a669-6ab33eec65c6","layoutId":"0d242605-604b-45ae-b136-0d32d33e80e1"},"openAs":"ACTIVITY","empty":false},"PADDING_START":8,"TEXT_MIN_LINES":1,"LAYOUT_MIN_WIDTH":0,"TEXT_SIZE":16,"LAYOUT_GRAVITY":49,"TEXT_MAX_LINES":20,"VIEW_ID":"Button16","TEXT_COLOR_HINT":["com.crane.mockapp.core.model.theme.ThemeModelColorHint","AUTO"],"VIEW_CLASS_NAME":"android.widget.Button","LAYOUT_WIDTH":-1,"ELEVATION":6,"PADDING_BOTTOM":0,"OUTLINE_ENABLED":false,"OUTLINE_RADIUS":4}}],"properties":{"PADDING_TOP":40,"LAYOUT_HEIGHT":-1,"BACKGROUND_COLOR":["com.crane.mockapp.core.model.theme.ThemeModelColor","TRANSPARENT"],"PADDING_END":40,"LAYOUT_MIN_HEIGHT":0,"PADDING_START":40,"LAYOUT_MIN_WIDTH":0,"LAYOUT_ORIENTATION":1,"VIEW_ID":"Linear3","OUTLINE_CLIP_TO_PADDING":false,"VIEW_CLASS_NAME":"android.widget.LinearLayout","LAYOUT_WIDTH":-1,"PADDING_BOTTOM":40,"BACKGROUND_IMAGE_TILE_MODE":["android.graphics.Shader$TileMode","REPEAT"]}}],"properties":{"LAYOUT_HEIGHT":-1,"BACKGROUND_COLOR":["com.crane.mockapp.core.model.theme.ThemeModelColor","TRANSPARENT"],"LAYOUT_MIN_HEIGHT":0,"VIEW_ID":"Frame31","BACKGROUND_IMAGE":"0d3fcd7a-86b4-4af8-a669-6ab33eec65c6/game_bg_tile.png","OUTLINE_CLIP_TO_PADDING":false,"VIEW_CLASS_NAME":"android.widget.FrameLayout","LAYOUT_WIDTH":-1,"LAYOUT_MIN_WIDTH":0,"BACKGROUND_IMAGE_TILE_MODE":["android.graphics.Shader$TileMode","REPEAT"]}}],"properties":{"LAYOUT_HEIGHT":-1,"BACKGROUND_COLOR":["com.crane.mockapp.core.model.theme.ThemeModelColor","TRANSPARENT"],"LAYOUT_MIN_HEIGHT":0,"VIEW_ID":"Linear27","OUTLINE_CLIP_TO_PADDING":false,"VIEW_CLASS_NAME":"android.widget.LinearLayout","LAYOUT_WIDTH":-1,"LAYOUT_MIN_WIDTH":0,"LAYOUT_ORIENTATION":1}},"layoutFullScreen":false,"navDrawerLayout":null,"onBottomSheetCollapsed":null,"onBottomSheetExpanded":null,"primaryThemeId":108,"statusBarColor":"P700","statusBarColorAlpha":100}