{"accentThemeId":103,"bottomSheetFullScreen":false,"bottomSheetLayout":null,"bottomSheetMarginTop":0,"bottomSheetPeekHeight":0,"lastViewIndex":43,"layout":{"children":[{"children":[{"children":[{"children":[{"children":[{"children":null,"properties":{"OUTLINE_RADIUS":6,"ICON_SIZE":24,"OUTLINE_CLIP_TO_OUTLINE":true,"ICON_COLOR":["com.crane.mockapp.core.model.theme.ThemeModelColor","ICON_ACTIVE"],"ICON_COLOR_HINT":["com.crane.mockapp.core.model.theme.ThemeModelColorHint","LIGHT"],"PADDING_TOP":4,"LAYOUT_GRAVITY":8388627,"PADDING_END":8,"LAYOUT_MIN_WIDTH":0,"OUTLINE_ENABLED":true,"VIEW_CLASS_NAME":"android.widget.ImageView","PADDING_START":8,"LAYOUT_MIN_HEIGHT":0,"LAYOUT_HEIGHT":-2,"PADDING_BOTTOM":4,"LAYOUT_WIDTH":-2,"BACKGROUND_COLOR":["com.crane.mockapp.core.model.theme.ThemeModelColor","LightSeaGreen"],"VIEW_ID":"Image7","ICON_DRAWABLE":"gmd_public"}},{"children":[{"children":null,"properties":{"TEXT_SIZE":18,"TEXT":"All Countries","VIEW_CLASS_NAME":"android.widget.TextView","VIEW_ID":"Text2"}},{"children":null,"properties":{"ICON_SIZE":10,"ICON_COLOR":["com.crane.mockapp.core.model.theme.ThemeModelColor","P500"],"VIEW_CLASS_NAME":"android.widget.ImageView","VIEW_ID":"Image5"}}],"properties":{"CUSTOM_LAYOUT_LAYOUT":{"@class":"com.crane.mockapp.core.model.layouts.PropLayoutValue","projectId":"0d3fcd7a-86b4-4af8-a669-6ab33eec65c6","layoutId":"b4b66cab-342f-465d-9bbb-31efe3dc4ce0"},"VIEW_ID":"Linear6"}},{"children":null,"properties":{"LAYOUT_WEIGHT":1,"VIEW_CLASS_NAME":"android.view.View","LAYOUT_MIN_HEIGHT":0,"LAYOUT_HEIGHT":16,"LAYOUT_WIDTH":0,"LAYOUT_MIN_WIDTH":0,"BACKGROUND_COLOR":["com.crane.mockapp.core.model.theme.ThemeModelColor","TRANSPARENT"],"VIEW_ID":"View41"}},{"children":null,"properties":{"ICON_SIZE":24,"ICON_COLOR":["com.crane.mockapp.core.model.theme.ThemeModelColor","P500"],"ICON_COLOR_HINT":["com.crane.mockapp.core.model.theme.ThemeModelColorHint","AUTO"],"PADDING_TOP":4,"LAYOUT_GRAVITY":8388627,"PADDING_END":4,"LAYOUT_MIN_WIDTH":0,"ON_CLICK":{"@class":"com.crane.mockapp.core.model.layouts.PropEventChangePropValues","props":[{"valueAsBoolean":false,"valueAsInt":0,"animate":"FAST","prop":"VISIBILITY","value":null,"viewIdPath":"Frame17/Linear19/Linear21/Frame31/Linear34"},{"valueAsBoolean":false,"valueAsInt":4,"animate":"FAST","prop":"VISIBILITY","value":4,"viewIdPath":"Frame17/Linear19/Linear21/Frame31/Linear33"}],"empty":false},"VIEW_CLASS_NAME":"android.widget.ImageView","PADDING_START":4,"LAYOUT_MIN_HEIGHT":0,"LAYOUT_HEIGHT":32,"PADDING_BOTTOM":4,"LAYOUT_WIDTH":32,"BACKGROUND_COLOR":["com.crane.mockapp.core.model.theme.ThemeModelColor","TRANSPARENT"],"VIEW_ID":"Image40","ICON_DRAWABLE":"gmd_search"}}],"properties":{"PADDING_TOP":8,"LAYOUT_MIN_WIDTH":0,"PADDING_END":16,"LAYOUT_ORIENTATION":0,"VIEW_CLASS_NAME":"android.widget.LinearLayout","PADDING_START":16,"LAYOUT_MIN_HEIGHT":0,"LAYOUT_HEIGHT":-2,"PADDING_BOTTOM":8,"LAYOUT_WIDTH":-1,"OUTLINE_CLIP_TO_PADDING":false,"BACKGROUND_COLOR":["com.crane.mockapp.core.model.theme.ThemeModelColor","TRANSPARENT"],"VIEW_ID":"Linear33"}},{"children":[{"children":null,"properties":{"ICON_SIZE":24,"ICON_COLOR":["com.crane.mockapp.core.model.theme.ThemeModelColor","P500"],"ICON_COLOR_HINT":["com.crane.mockapp.core.model.theme.ThemeModelColorHint","AUTO"],"PADDING_TOP":4,"LAYOUT_GRAVITY":8388627,"PADDING_END":4,"LAYOUT_MIN_WIDTH":0,"ON_CLICK":{"@class":"com.crane.mockapp.core.model.layouts.PropEventChangePropValues","props":[{"valueAsBoolean":false,"valueAsInt":4,"animate":"FAST","prop":"VISIBILITY","value":4,"viewIdPath":"Frame17/Linear19/Linear21/Frame31/Linear34"},{"valueAsBoolean":false,"valueAsInt":0,"animate":"FAST","prop":"VISIBILITY","value":null,"viewIdPath":"Frame17/Linear19/Linear21/Frame31/Linear33"}],"empty":false},"VIEW_CLASS_NAME":"android.widget.ImageView","PADDING_START":4,"LAYOUT_MIN_HEIGHT":0,"LAYOUT_HEIGHT":32,"PADDING_BOTTOM":4,"LAYOUT_WIDTH":32,"BACKGROUND_COLOR":["com.crane.mockapp.core.model.theme.ThemeModelColor","TRANSPARENT"],"VIEW_ID":"Image43","ICON_DRAWABLE":"gmd_arrow_back"}},{"children":null,"properties":{"PADDING_TOP":8,"LAYOUT_WEIGHT":1,"LAYOUT_GRAVITY":8388627,"TEXT_COLOR_HINT":["com.crane.mockapp.core.model.theme.ThemeModelColorHint","AUTO"],"PADDING_END":8,"LAYOUT_MIN_WIDTH":0,"TEXT":"Search text","TEXT_MAX_LINES":20,"TEXT_COLOR":["com.crane.mockapp.core.model.theme.ThemeModelColor","TEXT_DISABLED"],"VIEW_CLASS_NAME":"android.widget.EditText","PADDING_START":8,"LAYOUT_MIN_HEIGHT":0,"TEXT_MIN_LINES":1,"LAYOUT_HEIGHT":-2,"PADDING_BOTTOM":8,"LAYOUT_WIDTH":0,"BACKGROUND_COLOR":["com.crane.mockapp.core.model.theme.ThemeModelColor","TRANSPARENT"],"VIEW_ID":"Edit38"}},{"children":null,"properties":{"ICON_SIZE":24,"ICON_COLOR":["com.crane.mockapp.core.model.theme.ThemeModelColor","P500"],"ICON_COLOR_HINT":["com.crane.mockapp.core.model.theme.ThemeModelColorHint","AUTO"],"PADDING_TOP":4,"LAYOUT_GRAVITY":8388627,"PADDING_END":4,"LAYOUT_MIN_WIDTH":0,"VIEW_CLASS_NAME":"android.widget.ImageView","PADDING_START":4,"LAYOUT_MIN_HEIGHT":0,"LAYOUT_HEIGHT":32,"PADDING_BOTTOM":4,"LAYOUT_WIDTH":32,"BACKGROUND_COLOR":["com.crane.mockapp.core.model.theme.ThemeModelColor","TRANSPARENT"],"VIEW_ID":"Image42","ICON_DRAWABLE":"gmd_clear"}}],"properties":{"PADDING_TOP":0,"PADDING_END":16,"LAYOUT_MIN_WIDTH":0,"LAYOUT_ORIENTATION":0,"VISIBILITY":4,"VIEW_CLASS_NAME":"android.widget.LinearLayout","PADDING_START":16,"LAYOUT_MIN_HEIGHT":0,"LAYOUT_HEIGHT":-1,"PADDING_BOTTOM":0,"LAYOUT_WIDTH":-1,"OUTLINE_CLIP_TO_PADDING":false,"BACKGROUND_COLOR":["com.crane.mockapp.core.model.theme.ThemeModelColor","TRANSPARENT"],"VIEW_ID":"Linear34"}}],"properties":{"VIEW_CLASS_NAME":"android.widget.FrameLayout","LAYOUT_MIN_HEIGHT":0,"LAYOUT_HEIGHT":-2,"LAYOUT_WIDTH":-1,"OUTLINE_CLIP_TO_PADDING":false,"LAYOUT_MIN_WIDTH":0,"BACKGROUND_COLOR":["com.crane.mockapp.core.model.theme.ThemeModelColor","TRANSPARENT"],"VIEW_ID":"Frame31"}},{"children":null,"properties":{"PADDING_TOP":0,"TEXT_COLOR_HINT":["com.crane.mockapp.core.model.theme.ThemeModelColorHint","AUTO"],"TEXT_STYLE":1,"PADDING_END":16,"LAYOUT_MIN_WIDTH":0,"TEXT_SIZE":24,"TEXT":"iCountries","TEXT_MAX_LINES":20,"TEXT_COLOR":["com.crane.mockapp.core.model.theme.ThemeModelColor","TEXT_PRIMARY"],"VIEW_CLASS_NAME":"android.widget.TextView","PADDING_START":16,"LAYOUT_MIN_HEIGHT":0,"TEXT_MIN_LINES":1,"LAYOUT_HEIGHT":-2,"PADDING_BOTTOM":16,"LAYOUT_WIDTH":-2,"BACKGROUND_COLOR":["com.crane.mockapp.core.model.theme.ThemeModelColor","TRANSPARENT"],"VIEW_ID":"Text26"}},{"children":null,"properties":{"LAYOUT_MARGIN_TOP":0,"LAYOUT_MARGIN_BOTTOM":0,"VIEW_CLASS_NAME":"android.view.View","LAYOUT_MARGIN_START":0,"LAYOUT_MIN_HEIGHT":1,"LAYOUT_HEIGHT":1,"LAYOUT_MARGIN_END":0,"LAYOUT_WIDTH":-1,"LAYOUT_MIN_WIDTH":1,"BACKGROUND_COLOR":["com.crane.mockapp.core.model.theme.ThemeModelColor","DIVIDER"],"VIEW_ID":"View29"}},{"children":[{"children":[{"children":[{"children":null,"properties":{"TEXT_SIZE":16,"TEXT":"123","ON_CLICK":{"@class":"com.crane.mockapp.core.model.layouts.PropEventChangePropValues","props":[{"valueAsBoolean":false,"valueAsInt":0,"animate":null,"prop":"TEXT_COLOR","value":["com.crane.mockapp.core.model.theme.ThemeModelColor","White"],"viewIdPath":"Frame17/Linear19/Linear21/Linear25/Frame12/Linear7/Text2"},{"valueAsBoolean":false,"valueAsInt":0,"animate":null,"prop":"BACKGROUND_COLOR","value":["com.crane.mockapp.core.model.theme.ThemeModelColor","P500"],"viewIdPath":"Frame17/Linear19/Linear21/Linear25/Frame12/Linear7/Text2"},{"valueAsBoolean":false,"valueAsInt":0,"animate":null,"prop":"TEXT_COLOR","value":["com.crane.mockapp.core.model.theme.ThemeModelColor","P500"],"viewIdPath":"Frame17/Linear19/Linear21/Linear25/Frame12/Linear7/Text3"},{"valueAsBoolean":false,"valueAsInt":0,"animate":null,"prop":"BACKGROUND_COLOR","value":["com.crane.mockapp.core.model.theme.ThemeModelColor","White"],"viewIdPath":"Frame17/Linear19/Linear21/Linear25/Frame12/Linear7/Text3"}],"empty":false},"VIEW_CLASS_NAME":"android.widget.TextView","VIEW_ID":"Text2"}},{"children":null,"properties":{"TEXT_SIZE":16,"TEXT":"ABC","ON_CLICK":{"@class":"com.crane.mockapp.core.model.layouts.PropEventChangePropValues","props":[{"valueAsBoolean":false,"valueAsInt":0,"animate":null,"prop":"TEXT_COLOR","value":["com.crane.mockapp.core.model.theme.ThemeModelColor","P500"],"viewIdPath":"Frame17/Linear19/Linear21/Linear25/Frame12/Linear7/Text2"},{"valueAsBoolean":false,"valueAsInt":0,"animate":null,"prop":"BACKGROUND_COLOR","value":["com.crane.mockapp.core.model.theme.ThemeModelColor","White"],"viewIdPath":"Frame17/Linear19/Linear21/Linear25/Frame12/Linear7/Text2"},{"valueAsBoolean":false,"valueAsInt":0,"animate":null,"prop":"TEXT_COLOR","value":["com.crane.mockapp.core.model.theme.ThemeModelColor","White"],"viewIdPath":"Frame17/Linear19/Linear21/Linear25/Frame12/Linear7/Text3"},{"valueAsBoolean":false,"valueAsInt":0,"animate":null,"prop":"BACKGROUND_COLOR","value":["com.crane.mockapp.core.model.theme.ThemeModelColor","P500"],"viewIdPath":"Frame17/Linear19/Linear21/Linear25/Frame12/Linear7/Text3"}],"empty":false},"VIEW_CLASS_NAME":"android.widget.TextView","VIEW_ID":"Text3"}}],"properties":{"VIEW_CLASS_NAME":"android.widget.LinearLayout","VIEW_ID":"Linear7"}}],"properties":{"CUSTOM_LAYOUT_LAYOUT":{"@class":"com.crane.mockapp.core.model.layouts.PropLayoutValue","projectId":"0d3fcd7a-86b4-4af8-a669-6ab33eec65c6","layoutId":"5e2f8351-5f62-4821-93a2-6303942ad44b"},"LAYOUT_GRAVITY":8388627,"VIEW_ID":"Frame12"}},{"children":[{"children":null,"properties":{"TEXT_SIZE":16,"TEXT":"2017","TEXT_COLOR":["com.crane.mockapp.core.model.theme.ThemeModelColor","P500"],"VIEW_CLASS_NAME":"android.widget.TextView","VIEW_ID":"Text2"}},{"children":null,"properties":{"ICON_COLOR":["com.crane.mockapp.core.model.theme.ThemeModelColor","P500"],"VIEW_CLASS_NAME":"android.widget.ImageView","VIEW_ID":"Image5"}}],"properties":{"CUSTOM_LAYOUT_LAYOUT":{"@class":"com.crane.mockapp.core.model.layouts.PropLayoutValue","projectId":"0d3fcd7a-86b4-4af8-a669-6ab33eec65c6","layoutId":"b4b66cab-342f-465d-9bbb-31efe3dc4ce0"},"LAYOUT_MARGIN_TOP":0,"LAYOUT_GRAVITY":8388627,"LAYOUT_MARGIN_BOTTOM":0,"LAYOUT_MARGIN_START":16,"LAYOUT_MARGIN_END":0,"VIEW_ID":"Linear13"}},{"children":[{"children":null,"properties":{"TEXT_SIZE":16,"TEXT":"Population","TEXT_COLOR":["com.crane.mockapp.core.model.theme.ThemeModelColor","P500"],"VIEW_CLASS_NAME":"android.widget.TextView","VIEW_ID":"Text2"}},{"children":null,"properties":{"ICON_COLOR":["com.crane.mockapp.core.model.theme.ThemeModelColor","P500"],"VIEW_CLASS_NAME":"android.widget.ImageView","VIEW_ID":"Image5"}}],"properties":{"CUSTOM_LAYOUT_LAYOUT":{"@class":"com.crane.mockapp.core.model.layouts.PropLayoutValue","projectId":"0d3fcd7a-86b4-4af8-a669-6ab33eec65c6","layoutId":"b4b66cab-342f-465d-9bbb-31efe3dc4ce0"},"LAYOUT_MARGIN_TOP":0,"LAYOUT_GRAVITY":8388627,"LAYOUT_MARGIN_BOTTOM":0,"LAYOUT_MARGIN_START":16,"LAYOUT_MARGIN_END":0,"VIEW_ID":"Linear14"}}],"properties":{"PADDING_TOP":8,"LAYOUT_GRAVITY":17,"PADDING_END":16,"LAYOUT_MIN_WIDTH":0,"LAYOUT_ORIENTATION":0,"VIEW_CLASS_NAME":"android.widget.LinearLayout","PADDING_START":16,"LAYOUT_MIN_HEIGHT":0,"LAYOUT_HEIGHT":-2,"PADDING_BOTTOM":8,"LAYOUT_WIDTH":-1,"OUTLINE_CLIP_TO_PADDING":false,"BACKGROUND_COLOR":["com.crane.mockapp.core.model.theme.ThemeModelColor","TRANSPARENT"],"VIEW_ID":"Linear25"}},{"children":null,"properties":{"LAYOUT_MARGIN_TOP":0,"LAYOUT_MARGIN_BOTTOM":0,"VIEW_CLASS_NAME":"android.view.View","LAYOUT_MARGIN_START":0,"LAYOUT_MIN_HEIGHT":1,"LAYOUT_HEIGHT":1,"LAYOUT_MARGIN_END":0,"LAYOUT_WIDTH":-1,"LAYOUT_MIN_WIDTH":1,"BACKGROUND_COLOR":["com.crane.mockapp.core.model.theme.ThemeModelColor","DIVIDER"],"VIEW_ID":"View30"}}],"properties":{"LAYOUT_ORIENTATION":1,"VIEW_CLASS_NAME":"android.widget.LinearLayout","LAYOUT_MIN_HEIGHT":0,"LAYOUT_HEIGHT":-2,"ELEVATION":0,"LAYOUT_WIDTH":-1,"OUTLINE_CLIP_TO_PADDING":false,"LAYOUT_MIN_WIDTH":0,"BACKGROUND_COLOR":["com.crane.mockapp.core.model.theme.ThemeModelColor","TRANSPARENT"],"VIEW_ID":"Linear21"}},{"children":null,"properties":{"RECYCLER_VIEW_LAYOUT_SPANS":1,"OUTLINE_CLIP_TO_OUTLINE":true,"LAYOUT_WEIGHT":1,"RECYCLER_VIEW_ITEM_COUNT":27,"LAYOUT_MIN_WIDTH":0,"RECYCLER_VIEW_ITEM_PADDING_BOTTOM":80,"OUTLINE_ENABLED":true,"RECYCLER_VIEW_ITEM_PADDING":16,"VIEW_CLASS_NAME":"androidx.recyclerview.widget.RecyclerView","LAYOUT_MIN_HEIGHT":0,"RECYCLER_VIEW_ITEM_LAYOUT":{"@class":"com.crane.mockapp.core.model.layouts.PropLayoutValue","projectId":"0d3fcd7a-86b4-4af8-a669-6ab33eec65c6","layoutId":"f15f7e8f-2457-4814-a86f-22a615ac95f2"},"LAYOUT_HEIGHT":0,"LAYOUT_WIDTH":-1,"OUTLINE_CLIP_TO_PADDING":true,"BACKGROUND_COLOR":["com.crane.mockapp.core.model.theme.ThemeModelColor","TRANSPARENT"],"VIEW_ID":"Recycler7"}}],"properties":{"PADDING_TOP":0,"LAYOUT_MIN_WIDTH":0,"PADDING_END":0,"LAYOUT_ORIENTATION":1,"VIEW_CLASS_NAME":"android.widget.LinearLayout","PADDING_START":0,"LAYOUT_MIN_HEIGHT":0,"LAYOUT_HEIGHT":-1,"PADDING_BOTTOM":0,"LAYOUT_WIDTH":-1,"OUTLINE_CLIP_TO_PADDING":false,"BACKGROUND_COLOR":["com.crane.mockapp.core.model.theme.ThemeModelColor","TRANSPARENT"],"VIEW_ID":"Linear19"}},{"children":[{"children":[{"children":null,"properties":{"ICON_SIZE":24,"ICON_COLOR":["com.crane.mockapp.core.model.theme.ThemeModelColor","ICON_ACTIVE"],"ICON_COLOR_HINT":["com.crane.mockapp.core.model.theme.ThemeModelColorHint","AUTO"],"LAYOUT_GRAVITY":17,"VIEW_CLASS_NAME":"android.widget.ImageView","LAYOUT_MIN_HEIGHT":0,"LAYOUT_HEIGHT":-2,"LAYOUT_WIDTH":-2,"LAYOUT_MIN_WIDTH":0,"BACKGROUND_COLOR":["com.crane.mockapp.core.model.theme.ThemeModelColor","TRANSPARENT"],"VIEW_ID":"Image5","ICON_DRAWABLE":"gmd_multiline_chart"}}],"properties":{"OUTLINE_RADIUS":28,"OUTLINE_ENABLED":true,"OUTLINE_CLIP_TO_OUTLINE":true,"VIEW_CLASS_NAME":"android.widget.FrameLayout","LAYOUT_MIN_HEIGHT":0,"LAYOUT_HEIGHT":56,"LAYOUT_WIDTH":56,"OUTLINE_CLIP_TO_PADDING":false,"LAYOUT_MIN_WIDTH":0,"BACKGROUND_COLOR":["com.crane.mockapp.core.model.theme.ThemeModelColor","RIPPLE"],"VIEW_ID":"Frame4"}}],"properties":{"BACKGROUND_ALPHA":100,"OUTLINE_RADIUS":28,"OUTLINE_CLIP_TO_OUTLINE":true,"LAYOUT_MARGIN_TOP":16,"LAYOUT_GRAVITY":8388693,"LAYOUT_MARGIN_BOTTOM":16,"LAYOUT_MARGIN_START":16,"LAYOUT_MARGIN_END":16,"ELEVATION":23,"LAYOUT_MIN_WIDTH":0,"OUTLINE_ENABLED":true,"VIEW_CLASS_NAME":"android.widget.FrameLayout","LAYOUT_MIN_HEIGHT":0,"LAYOUT_HEIGHT":56,"LAYOUT_WIDTH":56,"OUTLINE_CLIP_TO_PADDING":false,"BACKGROUND_COLOR":["com.crane.mockapp.core.model.theme.ThemeModelColor","A200"],"VIEW_ID":"Frame20"}}],"properties":{"VIEW_CLASS_NAME":"android.widget.FrameLayout","LAYOUT_MIN_HEIGHT":0,"LAYOUT_HEIGHT":-1,"LAYOUT_WIDTH":-1,"OUTLINE_CLIP_TO_PADDING":false,"LAYOUT_MIN_WIDTH":0,"BACKGROUND_COLOR":["com.crane.mockapp.core.model.theme.ThemeModelColor","TRANSPARENT"],"VIEW_ID":"Frame17"}},"layoutFullScreen":false,"navDrawerLayout":null,"onBottomSheetCollapsed":null,"onBottomSheetExpanded":null,"primaryThemeId":108,"statusBarColor":"P700","statusBarColorAlpha":100}