{"accentThemeId":103,"bottomSheetFullScreen":false,"bottomSheetLayout":null,"bottomSheetMarginTop":0,"bottomSheetPeekHeight":0,"lastViewIndex":5,"layout":{"children":[{"children":null,"properties":{"LAYOUT_HEIGHT":-2,"BACKGROUND_COLOR":["com.crane.mockapp.core.model.theme.ThemeModelColor","TRANSPARENT"],"TEXT_COLOR":["com.crane.mockapp.core.model.theme.ThemeModelColor","TEXT_PRIMARY"],"TEXT":"Text2","LAYOUT_MIN_HEIGHT":0,"VIEW_ID":"Text2","TEXT_COLOR_HINT":["com.crane.mockapp.core.model.theme.ThemeModelColorHint","AUTO"],"TEXT_MIN_LINES":1,"VIEW_CLASS_NAME":"android.widget.TextView","LAYOUT_WIDTH":-2,"LAYOUT_MIN_WIDTH":0,"TEXT_MAX_LINES":20}},{"children":null,"properties":{"ICON_DRAWABLE":"gmd_arrow_drop_down","LAYOUT_HEIGHT":-2,"BACKGROUND_COLOR":["com.crane.mockapp.core.model.theme.ThemeModelColor","TRANSPARENT"],"LAYOUT_MARGIN_TOP":0,"LAYOUT_MIN_HEIGHT":0,"ICON_COLOR":["com.crane.mockapp.core.model.theme.ThemeModelColor","ICON_ACTIVE"],"LAYOUT_MIN_WIDTH":0,"LAYOUT_GRAVITY":8388627,"ICON_SIZE":8,"VIEW_ID":"Image5","ICON_COLOR_HINT":["com.crane.mockapp.core.model.theme.ThemeModelColorHint","AUTO"],"VIEW_CLASS_NAME":"android.widget.ImageView","LAYOUT_WIDTH":-2,"LAYOUT_MARGIN_BOTTOM":0,"LAYOUT_MARGIN_END":0,"LAYOUT_MARGIN_START":8}}],"properties":{"PADDING_TOP":8,"LAYOUT_HEIGHT":-2,"PADDING_END":8,"BACKGROUND_COLOR":["com.crane.mockapp.core.model.theme.ThemeModelColor","RIPPLE"],"LAYOUT_MIN_HEIGHT":0,"PADDING_START":8,"LAYOUT_MIN_WIDTH":0,"LAYOUT_ORIENTATION":0,"VIEW_ID":"Linear1","OUTLINE_CLIP_TO_PADDING":false,"VIEW_CLASS_NAME":"android.widget.LinearLayout","LAYOUT_WIDTH":-2,"PADDING_BOTTOM":8}},"layoutFullScreen":false,"navDrawerLayout":null,"onBottomSheetCollapsed":null,"onBottomSheetExpanded":null,"primaryThemeId":108,"statusBarColor":"P700","statusBarColorAlpha":100}