{"accentThemeId":103,"bottomSheetFullScreen":false,"bottomSheetLayout":null,"bottomSheetMarginTop":0,"bottomSheetPeekHeight":0,"lastViewIndex":7,"layout":{"children":[{"children":[{"children":null,"properties":{"VIEW_CLASS_NAME":"android.widget.TextView","PADDING_TOP":8,"LAYOUT_MIN_WIDTH":0,"LAYOUT_HEIGHT":-2,"TEXT_MIN_LINES":1,"TEXT_COLOR_HINT":["com.crane.mockapp.core.model.theme.ThemeModelColorHint","AUTO"],"TEXT":"Text2","PADDING_START":8,"BACKGROUND_COLOR":["com.crane.mockapp.core.model.theme.ThemeModelColor","P500"],"PADDING_BOTTOM":8,"TEXT_MAX_LINES":20,"VIEW_ID":"Text2","TEXT_COLOR":["com.crane.mockapp.core.model.theme.ThemeModelColor","TEXT_PRIMARY"],"LAYOUT_WIDTH":-2,"LAYOUT_MIN_HEIGHT":0,"PADDING_END":8,"ON_CLICK":{"@class":"com.crane.mockapp.core.model.layouts.PropEventChangePropValues","props":[{"valueAsBoolean":false,"valueAsInt":0,"animate":null,"prop":"TEXT_COLOR","value":["com.crane.mockapp.core.model.theme.ThemeModelColor","White"],"viewIdPath":"Frame5/Linear7/Text2"},{"valueAsBoolean":false,"valueAsInt":0,"animate":null,"prop":"BACKGROUND_COLOR","value":["com.crane.mockapp.core.model.theme.ThemeModelColor","P500"],"viewIdPath":"Frame5/Linear7/Text2"},{"valueAsBoolean":false,"valueAsInt":0,"animate":null,"prop":"TEXT_COLOR","value":["com.crane.mockapp.core.model.theme.ThemeModelColor","P500"],"viewIdPath":"Frame5/Linear7/Text3"},{"valueAsBoolean":false,"valueAsInt":0,"animate":null,"prop":"BACKGROUND_COLOR","value":["com.crane.mockapp.core.model.theme.ThemeModelColor","White"],"viewIdPath":"Frame5/Linear7/Text3"}],"empty":false}}},{"children":null,"properties":{"VIEW_CLASS_NAME":"android.widget.TextView","PADDING_TOP":8,"LAYOUT_MIN_WIDTH":0,"LAYOUT_HEIGHT":-2,"TEXT_MIN_LINES":1,"TEXT_COLOR_HINT":["com.crane.mockapp.core.model.theme.ThemeModelColorHint","AUTO"],"TEXT":"Text3","PADDING_START":8,"BACKGROUND_COLOR":["com.crane.mockapp.core.model.theme.ThemeModelColor","White"],"PADDING_BOTTOM":8,"TEXT_MAX_LINES":20,"VIEW_ID":"Text3","TEXT_COLOR":["com.crane.mockapp.core.model.theme.ThemeModelColor","P500"],"LAYOUT_WIDTH":-2,"LAYOUT_MIN_HEIGHT":0,"PADDING_END":8,"ON_CLICK":{"@class":"com.crane.mockapp.core.model.layouts.PropEventChangePropValues","props":[{"valueAsBoolean":false,"valueAsInt":0,"animate":null,"prop":"TEXT_COLOR","value":["com.crane.mockapp.core.model.theme.ThemeModelColor","P500"],"viewIdPath":"Frame5/Linear7/Text2"},{"valueAsBoolean":false,"valueAsInt":0,"animate":null,"prop":"BACKGROUND_COLOR","value":["com.crane.mockapp.core.model.theme.ThemeModelColor","White"],"viewIdPath":"Frame5/Linear7/Text2"},{"valueAsBoolean":false,"valueAsInt":0,"animate":null,"prop":"TEXT_COLOR","value":["com.crane.mockapp.core.model.theme.ThemeModelColor","White"],"viewIdPath":"Frame5/Linear7/Text3"},{"valueAsBoolean":false,"valueAsInt":0,"animate":null,"prop":"BACKGROUND_COLOR","value":["com.crane.mockapp.core.model.theme.ThemeModelColor","P500"],"viewIdPath":"Frame5/Linear7/Text3"}],"empty":false}}}],"properties":{"VIEW_CLASS_NAME":"android.widget.LinearLayout","PADDING_TOP":0,"LAYOUT_MIN_WIDTH":0,"OUTLINE_ENABLED":true,"LAYOUT_HEIGHT":-2,"PADDING_START":0,"BACKGROUND_COLOR":["com.crane.mockapp.core.model.theme.ThemeModelColor","White"],"PADDING_BOTTOM":0,"VIEW_ID":"Linear7","OUTLINE_CLIP_TO_PADDING":true,"LAYOUT_WIDTH":-2,"LAYOUT_MIN_HEIGHT":0,"OUTLINE_CLIP_TO_OUTLINE":true,"PADDING_END":0,"LAYOUT_ORIENTATION":0,"OUTLINE_RADIUS":4}}],"properties":{"VIEW_CLASS_NAME":"android.widget.FrameLayout","PADDING_TOP":2,"LAYOUT_MIN_WIDTH":0,"OUTLINE_ENABLED":true,"LAYOUT_HEIGHT":-2,"PADDING_START":2,"BACKGROUND_COLOR":["com.crane.mockapp.core.model.theme.ThemeModelColor","P500"],"PADDING_BOTTOM":2,"VIEW_ID":"Frame5","OUTLINE_CLIP_TO_PADDING":true,"LAYOUT_WIDTH":-2,"LAYOUT_MIN_HEIGHT":0,"OUTLINE_CLIP_TO_OUTLINE":true,"PADDING_END":2,"OUTLINE_RADIUS":6}},"layoutFullScreen":false,"navDrawerLayout":null,"onBottomSheetCollapsed":null,"onBottomSheetExpanded":null,"primaryThemeId":108,"statusBarColor":"P700","statusBarColorAlpha":100}