{"accentThemeId":103,"bottomSheetFullScreen":false,"bottomSheetLayout":null,"bottomSheetMarginTop":0,"bottomSheetPeekHeight":0,"lastViewIndex":22,"layout":{"children":[{"children":[{"children":[{"children":null,"properties":{"VIEW_ID":"Text6","VIEW_CLASS_NAME":"android.widget.TextView"}},{"children":null,"properties":{"VIEW_ID":"Text7","VIEW_CLASS_NAME":"android.widget.TextView","VISIBILITY":0}}],"properties":{"VIEW_ID":"Linear2","VIEW_CLASS_NAME":"android.widget.LinearLayout"}},{"children":null,"properties":{"VIEW_ID":"View12","VIEW_CLASS_NAME":"android.view.View"}},{"children":[{"children":[{"children":null,"properties":{"VIEW_ID":"Text11","VIEW_CLASS_NAME":"android.widget.TextView"}}],"properties":{"VIEW_ID":"Frame10","VIEW_CLASS_NAME":"android.widget.FrameLayout"}}],"properties":{"VIEW_ID":"Frame8","VIEW_CLASS_NAME":"android.widget.FrameLayout"}}],"properties":{"VIEW_ID":"Frame34","CUSTOM_LAYOUT_LAYOUT":{"@class":"com.crane.mockapp.core.model.layouts.PropLayoutValue","projectId":"0d3fcd7a-86b4-4af8-a669-6ab33eec65c6","layoutId":"8645d2a6-c6a1-4140-b066-cecd797be880"}}},{"children":[{"children":[{"children":null,"properties":{"LAYOUT_HEIGHT":-2,"BACKGROUND_COLOR":["com.crane.mockapp.core.model.theme.ThemeModelColor","TRANSPARENT"],"TEXT_COLOR":["com.crane.mockapp.core.model.theme.ThemeModelColor","TEXT_PRIMARY"],"TEXT":"What is the capital of Niger?","LAYOUT_MARGIN_TOP":0,"TEXT_STYLE":1,"LAYOUT_MIN_HEIGHT":0,"TEXT_MIN_LINES":1,"LAYOUT_MIN_WIDTH":0,"TEXT_SIZE":20,"LAYOUT_GRAVITY":49,"TEXT_MAX_LINES":20,"TEXT_GRAVITY":49,"VIEW_ID":"Text7","TEXT_COLOR_HINT":["com.crane.mockapp.core.model.theme.ThemeModelColorHint","AUTO"],"VIEW_CLASS_NAME":"android.widget.TextView","LAYOUT_WIDTH":-2,"LAYOUT_MARGIN_BOTTOM":16,"LAYOUT_MARGIN_END":0,"LAYOUT_MARGIN_START":0}},{"children":null,"properties":{"IMAGE_DRAWABLE":"0d3fcd7a-86b4-4af8-a669-6ab33eec65c6/photo_country.jpg","LAYOUT_HEIGHT":96,"BACKGROUND_COLOR":["com.crane.mockapp.core.model.theme.ThemeModelColor","Pink"],"OUTLINE_CLIP_TO_OUTLINE":true,"LAYOUT_MARGIN_TOP":0,"LAYOUT_MIN_HEIGHT":0,"ICON_COLOR":["com.crane.mockapp.core.model.theme.ThemeModelColor","ICON_ACTIVE"],"IMAGE_SCALE_TYPE":["android.widget.ImageView$ScaleType","CENTER_CROP"],"LAYOUT_MIN_WIDTH":0,"LAYOUT_GRAVITY":17,"ICON_SIZE":24,"VIEW_ID":"Image8","ICON_COLOR_HINT":["com.crane.mockapp.core.model.theme.ThemeModelColorHint","AUTO"],"VIEW_CLASS_NAME":"android.widget.ImageView","LAYOUT_WIDTH":128,"LAYOUT_MARGIN_BOTTOM":0,"LAYOUT_MARGIN_END":0,"OUTLINE_ENABLED":true,"OUTLINE_RADIUS":6,"LAYOUT_MARGIN_START":0}},{"children":null,"properties":{"LAYOUT_HEIGHT":0,"LAYOUT_WEIGHT":1,"BACKGROUND_COLOR":["com.crane.mockapp.core.model.theme.ThemeModelColor","TRANSPARENT"],"LAYOUT_MIN_HEIGHT":0,"VIEW_ID":"View19","VIEW_CLASS_NAME":"android.view.View","LAYOUT_WIDTH":16,"LAYOUT_MIN_WIDTH":0}},{"children":[{"children":[{"children":null,"properties":{"VIEW_ID":"Button14","VIEW_CLASS_NAME":"android.widget.Button"}},{"children":null,"properties":{"VIEW_ID":"Image15","VIEW_CLASS_NAME":"android.widget.ImageView"}},{"children":null,"properties":{"VIEW_ID":"Image16","VIEW_CLASS_NAME":"android.widget.ImageView"}}],"properties":{"VIEW_ID":"Frame21","CUSTOM_LAYOUT_LAYOUT":{"@class":"com.crane.mockapp.core.model.layouts.PropLayoutValue","projectId":"0d3fcd7a-86b4-4af8-a669-6ab33eec65c6","layoutId":"8620d56c-d2d8-4f2f-91b0-a640bb26e8f8"}}},{"children":null,"properties":{"LAYOUT_HEIGHT":16,"LAYOUT_WEIGHT":1,"BACKGROUND_COLOR":["com.crane.mockapp.core.model.theme.ThemeModelColor","TRANSPARENT"],"LAYOUT_MIN_HEIGHT":0,"VIEW_ID":"View9","VIEW_CLASS_NAME":"android.view.View","LAYOUT_WIDTH":0,"LAYOUT_MIN_WIDTH":0}},{"children":[{"children":null,"properties":{"VIEW_ID":"Button14","ON_CLICK":{"@class":"com.crane.mockapp.core.model.layouts.PropEventChangePropValues","props":[{"valueAsBoolean":false,"valueAsInt":0,"animate":"FAST","prop":"VISIBILITY","value":0,"viewIdPath":"Linear1/Frame31/Linear3/Linear2/Button17"},{"valueAsBoolean":false,"valueAsInt":0,"animate":"FAST","prop":"VISIBILITY","value":0,"viewIdPath":"Linear1/Frame31/Linear3/Text19"},{"valueAsBoolean":false,"valueAsInt":0,"animate":"FAST","prop":"VISIBILITY","value":0,"viewIdPath":"Linear1/Frame31/Linear3/Linear3/Frame22/Image15"}],"empty":false},"VIEW_CLASS_NAME":"android.widget.Button"}},{"children":null,"properties":{"VIEW_ID":"Image15","VIEW_CLASS_NAME":"android.widget.ImageView"}},{"children":null,"properties":{"VIEW_ID":"Image16","VIEW_CLASS_NAME":"android.widget.ImageView"}}],"properties":{"VIEW_ID":"Frame22","CUSTOM_LAYOUT_LAYOUT":{"@class":"com.crane.mockapp.core.model.layouts.PropLayoutValue","projectId":"0d3fcd7a-86b4-4af8-a669-6ab33eec65c6","layoutId":"8620d56c-d2d8-4f2f-91b0-a640bb26e8f8"}}}],"properties":{"LAYOUT_HEIGHT":-2,"BACKGROUND_COLOR":["com.crane.mockapp.core.model.theme.ThemeModelColor","TRANSPARENT"],"LAYOUT_MIN_HEIGHT":0,"VIEW_ID":"Linear3","OUTLINE_CLIP_TO_PADDING":false,"VIEW_CLASS_NAME":"android.widget.LinearLayout","LAYOUT_WIDTH":-1,"LAYOUT_MIN_WIDTH":0,"LAYOUT_ORIENTATION":0}},{"children":null,"properties":{"LAYOUT_HEIGHT":0,"LAYOUT_WEIGHT":1,"BACKGROUND_COLOR":["com.crane.mockapp.core.model.theme.ThemeModelColor","TRANSPARENT"],"LAYOUT_MIN_HEIGHT":0,"VIEW_ID":"View18","VIEW_CLASS_NAME":"android.view.View","LAYOUT_WIDTH":16,"LAYOUT_MIN_WIDTH":0}},{"children":null,"properties":{"LAYOUT_HEIGHT":-2,"BACKGROUND_COLOR":["com.crane.mockapp.core.model.theme.ThemeModelColor","TRANSPARENT"],"TEXT_COLOR":["com.crane.mockapp.core.model.theme.ThemeModelColor","MediumSeaGreen"],"TEXT":"CORRECT!","LAYOUT_MARGIN_TOP":0,"TEXT_STYLE":1,"LAYOUT_MIN_HEIGHT":0,"TEXT_MIN_LINES":1,"LAYOUT_MIN_WIDTH":0,"TEXT_SIZE":24,"LAYOUT_GRAVITY":17,"TEXT_MAX_LINES":20,"VISIBILITY":4,"VIEW_ID":"Text19","TEXT_COLOR_HINT":["com.crane.mockapp.core.model.theme.ThemeModelColorHint","AUTO"],"VIEW_CLASS_NAME":"android.widget.TextView","LAYOUT_WIDTH":-2,"LAYOUT_MARGIN_BOTTOM":16,"LAYOUT_MARGIN_END":0,"LAYOUT_MARGIN_START":0}},{"children":[{"children":null,"properties":{"VIEW_ID":"Button17","VIEW_CLASS_NAME":"android.widget.Button","VISIBILITY":4}},{"children":null,"properties":{"VIEW_ID":"Text14","VIEW_CLASS_NAME":"android.widget.TextView"}}],"properties":{"VIEW_ID":"Linear2","CUSTOM_LAYOUT_LAYOUT":{"@class":"com.crane.mockapp.core.model.layouts.PropLayoutValue","projectId":"0d3fcd7a-86b4-4af8-a669-6ab33eec65c6","layoutId":"c8bbb093-d44b-4aa6-a651-5fcf65074130"}}}],"properties":{"PADDING_TOP":16,"LAYOUT_HEIGHT":-1,"BACKGROUND_COLOR":["com.crane.mockapp.core.model.theme.ThemeModelColor","TRANSPARENT"],"PADDING_END":16,"LAYOUT_MIN_HEIGHT":0,"PADDING_START":16,"LAYOUT_MIN_WIDTH":0,"LAYOUT_ORIENTATION":1,"VIEW_ID":"Linear3","OUTLINE_CLIP_TO_PADDING":false,"VIEW_CLASS_NAME":"android.widget.LinearLayout","LAYOUT_WIDTH":-1,"PADDING_BOTTOM":16,"BACKGROUND_IMAGE_TILE_MODE":["android.graphics.Shader$TileMode","REPEAT"]}}],"properties":{"LAYOUT_HEIGHT":-1,"BACKGROUND_COLOR":["com.crane.mockapp.core.model.theme.ThemeModelColor","TRANSPARENT"],"LAYOUT_MIN_HEIGHT":0,"VIEW_ID":"Frame31","BACKGROUND_IMAGE":"0d3fcd7a-86b4-4af8-a669-6ab33eec65c6/game_bg_tile.png","OUTLINE_CLIP_TO_PADDING":false,"VIEW_CLASS_NAME":"android.widget.FrameLayout","LAYOUT_WIDTH":-1,"LAYOUT_MIN_WIDTH":0,"BACKGROUND_IMAGE_TILE_MODE":["android.graphics.Shader$TileMode","REPEAT"]}}],"properties":{"LAYOUT_HEIGHT":-1,"BACKGROUND_COLOR":["com.crane.mockapp.core.model.theme.ThemeModelColor","TRANSPARENT"],"LAYOUT_MIN_HEIGHT":0,"VIEW_ID":"Linear1","OUTLINE_CLIP_TO_PADDING":false,"VIEW_CLASS_NAME":"android.widget.LinearLayout","LAYOUT_WIDTH":-1,"LAYOUT_MIN_WIDTH":0,"LAYOUT_ORIENTATION":1}},"layoutFullScreen":false,"navDrawerLayout":null,"onBottomSheetCollapsed":null,"onBottomSheetExpanded":null,"primaryThemeId":108,"statusBarColor":"P700","statusBarColorAlpha":100}