{"accentThemeId":111,"bottomSheetFullScreen":false,"bottomSheetLayout":null,"bottomSheetMarginTop":0,"bottomSheetPeekHeight":0,"lastViewIndex":22,"layout":{"children":[{"children":[{"children":[{"children":[{"children":null,"properties":{"TEXT_MIN_LINES":1,"LAYOUT_GRAVITY":8388691,"VIEW_ID":"Text13","LAYOUT_MIN_HEIGHT":0,"LAYOUT_WIDTH":-2,"PADDING_START":0,"TEXT_MAX_LINES":20,"PADDING_TOP":0,"BACKGROUND_COLOR":["com.crane.mockapp.core.model.theme.ThemeModelColor","TRANSPARENT"],"PADDING_END":0,"VIEW_CLASS_NAME":"android.widget.TextView","TEXT":"Analytics","LAYOUT_MIN_WIDTH":0,"TEXT_STYLE":1,"TEXT_COLOR":["com.crane.mockapp.core.model.theme.ThemeModelColor","TEXT_PRIMARY"],"TEXT_COLOR_HINT":["com.crane.mockapp.core.model.theme.ThemeModelColorHint","AUTO"],"LAYOUT_HEIGHT":-2,"PADDING_BOTTOM":0,"TEXT_SIZE":24}},{"children":null,"properties":{"LAYOUT_GRAVITY":8388691,"VIEW_ID":"View15","LAYOUT_MIN_HEIGHT":0,"LAYOUT_MIN_WIDTH":0,"LAYOUT_WIDTH":0,"LAYOUT_WEIGHT":1,"BACKGROUND_COLOR":["com.crane.mockapp.core.model.theme.ThemeModelColor","TRANSPARENT"],"VIEW_CLASS_NAME":"android.view.View","LAYOUT_HEIGHT":16}},{"children":null,"properties":{"ICON_DRAWABLE":"gmd_more_vert","LAYOUT_GRAVITY":8388691,"VIEW_ID":"ImageButton16","LAYOUT_MIN_HEIGHT":0,"LAYOUT_MIN_WIDTH":0,"ICON_COLOR_HINT":["com.crane.mockapp.core.model.theme.ThemeModelColorHint","AUTO"],"LAYOUT_WIDTH":-2,"ICON_COLOR":["com.crane.mockapp.core.model.theme.ThemeModelColor","ICON_ACTIVE"],"BACKGROUND_COLOR":["com.crane.mockapp.core.model.theme.ThemeModelColor","TRANSPARENT"],"ICON_SIZE":16,"VIEW_CLASS_NAME":"android.widget.ImageButton","LAYOUT_HEIGHT":-2}}],"properties":{"VIEW_ID":"Linear9","LAYOUT_MIN_HEIGHT":0,"LAYOUT_WIDTH":-1,"PADDING_START":16,"PADDING_END":16,"PADDING_TOP":8,"BACKGROUND_COLOR":["com.crane.mockapp.core.model.theme.ThemeModelColor","TRANSPARENT"],"LAYOUT_ORIENTATION":0,"VIEW_CLASS_NAME":"android.widget.LinearLayout","LAYOUT_MIN_WIDTH":0,"OUTLINE_CLIP_TO_PADDING":false,"LAYOUT_HEIGHT":-2,"PADDING_BOTTOM":8}},{"children":null,"properties":{"VIEW_ID":"View29","LAYOUT_MIN_HEIGHT":1,"LAYOUT_MIN_WIDTH":1,"LAYOUT_MARGIN_TOP":0,"LAYOUT_WIDTH":-1,"LAYOUT_MARGIN_START":0,"BACKGROUND_COLOR":["com.crane.mockapp.core.model.theme.ThemeModelColor","DIVIDER"],"LAYOUT_MARGIN_END":0,"VIEW_CLASS_NAME":"android.view.View","LAYOUT_HEIGHT":1,"LAYOUT_MARGIN_BOTTOM":0}}],"properties":{"VIEW_ID":"Linear21","LAYOUT_MIN_HEIGHT":0,"LAYOUT_WIDTH":-1,"PADDING_START":0,"PADDING_TOP":8,"BACKGROUND_COLOR":["com.crane.mockapp.core.model.theme.ThemeModelColor","TRANSPARENT"],"PADDING_END":0,"LAYOUT_ORIENTATION":1,"ELEVATION":0,"VIEW_CLASS_NAME":"android.widget.LinearLayout","LAYOUT_MIN_WIDTH":0,"OUTLINE_CLIP_TO_PADDING":false,"LAYOUT_HEIGHT":-2,"PADDING_BOTTOM":0}},{"children":[{"children":[{"children":[{"children":[{"children":null,"properties":{"ON_CLICK":{"@class":"com.crane.mockapp.core.model.layouts.PropEventChangePropValues","props":[{"valueAsBoolean":false,"valueAsInt":0,"animate":null,"prop":"TEXT_COLOR","value":["com.crane.mockapp.core.model.theme.ThemeModelColor","White"],"viewIdPath":"Frame1/Linear19/Frame2/Linear4/Frame17/Linear7/Text2"},{"valueAsBoolean":false,"valueAsInt":0,"animate":null,"prop":"BACKGROUND_COLOR","value":["com.crane.mockapp.core.model.theme.ThemeModelColor","P500"],"viewIdPath":"Frame1/Linear19/Frame2/Linear4/Frame17/Linear7/Text2"},{"valueAsBoolean":false,"valueAsInt":0,"animate":null,"prop":"TEXT_COLOR","value":["com.crane.mockapp.core.model.theme.ThemeModelColor","P500"],"viewIdPath":"Frame1/Linear19/Frame2/Linear4/Frame17/Linear7/Text3"},{"valueAsBoolean":false,"valueAsInt":0,"animate":null,"prop":"BACKGROUND_COLOR","value":["com.crane.mockapp.core.model.theme.ThemeModelColor","White"],"viewIdPath":"Frame1/Linear19/Frame2/Linear4/Frame17/Linear7/Text3"},{"valueAsBoolean":false,"valueAsInt":0,"animate":null,"prop":"TEXT_COLOR","value":["com.crane.mockapp.core.model.theme.ThemeModelColor","P500"],"viewIdPath":"Frame1/Linear19/Frame2/Linear4/Frame17/Linear7/Text8"},{"valueAsBoolean":false,"valueAsInt":0,"animate":null,"prop":"BACKGROUND_COLOR","value":["com.crane.mockapp.core.model.theme.ThemeModelColor","White"],"viewIdPath":"Frame1/Linear19/Frame2/Linear4/Frame17/Linear7/Text8"}],"empty":false},"VIEW_ID":"Text2","LAYOUT_WIDTH":0,"LAYOUT_WEIGHT":1,"VIEW_CLASS_NAME":"android.widget.TextView","TEXT_GRAVITY":17,"TEXT_SIZE":16,"TEXT":"By Country"}},{"children":null,"properties":{"ON_CLICK":{"@class":"com.crane.mockapp.core.model.layouts.PropEventChangePropValues","props":[{"valueAsBoolean":false,"valueAsInt":0,"animate":null,"prop":"TEXT_COLOR","value":["com.crane.mockapp.core.model.theme.ThemeModelColor","P500"],"viewIdPath":"Frame1/Linear19/Frame2/Linear4/Frame17/Linear7/Text2"},{"valueAsBoolean":false,"valueAsInt":0,"animate":null,"prop":"BACKGROUND_COLOR","value":["com.crane.mockapp.core.model.theme.ThemeModelColor","White"],"viewIdPath":"Frame1/Linear19/Frame2/Linear4/Frame17/Linear7/Text2"},{"valueAsBoolean":false,"valueAsInt":0,"animate":null,"prop":"TEXT_COLOR","value":["com.crane.mockapp.core.model.theme.ThemeModelColor","White"],"viewIdPath":"Frame1/Linear19/Frame2/Linear4/Frame17/Linear7/Text3"},{"valueAsBoolean":false,"valueAsInt":0,"animate":null,"prop":"BACKGROUND_COLOR","value":["com.crane.mockapp.core.model.theme.ThemeModelColor","P500"],"viewIdPath":"Frame1/Linear19/Frame2/Linear4/Frame17/Linear7/Text3"},{"valueAsBoolean":false,"valueAsInt":0,"animate":null,"prop":"TEXT_COLOR","value":["com.crane.mockapp.core.model.theme.ThemeModelColor","P500"],"viewIdPath":"Frame1/Linear19/Frame2/Linear4/Frame17/Linear7/Text8"},{"valueAsBoolean":false,"valueAsInt":0,"animate":null,"prop":"BACKGROUND_COLOR","value":["com.crane.mockapp.core.model.theme.ThemeModelColor","White"],"viewIdPath":"Frame1/Linear19/Frame2/Linear4/Frame17/Linear7/Text8"}],"empty":false},"VIEW_ID":"Text3","LAYOUT_WIDTH":0,"LAYOUT_WEIGHT":1,"VIEW_CLASS_NAME":"android.widget.TextView","TEXT_GRAVITY":17,"TEXT_SIZE":16,"TEXT":"By Indicator"}},{"children":null,"properties":{"ON_CLICK":{"@class":"com.crane.mockapp.core.model.layouts.PropEventChangePropValues","props":[{"valueAsBoolean":false,"valueAsInt":0,"animate":null,"prop":"TEXT_COLOR","value":["com.crane.mockapp.core.model.theme.ThemeModelColor","P500"],"viewIdPath":"Frame1/Linear19/Frame2/Linear4/Frame17/Linear7/Text2"},{"valueAsBoolean":false,"valueAsInt":0,"animate":null,"prop":"BACKGROUND_COLOR","value":["com.crane.mockapp.core.model.theme.ThemeModelColor","White"],"viewIdPath":"Frame1/Linear19/Frame2/Linear4/Frame17/Linear7/Text2"},{"valueAsBoolean":false,"valueAsInt":0,"animate":null,"prop":"TEXT_COLOR","value":["com.crane.mockapp.core.model.theme.ThemeModelColor","White"],"viewIdPath":"Frame1/Linear19/Frame2/Linear4/Frame17/Linear7/Text8"},{"valueAsBoolean":false,"valueAsInt":0,"animate":null,"prop":"BACKGROUND_COLOR","value":["com.crane.mockapp.core.model.theme.ThemeModelColor","P500"],"viewIdPath":"Frame1/Linear19/Frame2/Linear4/Frame17/Linear7/Text8"},{"valueAsBoolean":false,"valueAsInt":0,"animate":null,"prop":"TEXT_COLOR","value":["com.crane.mockapp.core.model.theme.ThemeModelColor","P500"],"viewIdPath":"Frame1/Linear19/Frame2/Linear4/Frame17/Linear7/Text3"},{"valueAsBoolean":false,"valueAsInt":0,"animate":null,"prop":"BACKGROUND_COLOR","value":["com.crane.mockapp.core.model.theme.ThemeModelColor","White"],"viewIdPath":"Frame1/Linear19/Frame2/Linear4/Frame17/Linear7/Text3"}],"empty":false},"VIEW_ID":"Text8","LAYOUT_WIDTH":0,"LAYOUT_WEIGHT":1,"VIEW_CLASS_NAME":"android.widget.TextView","TEXT_GRAVITY":17,"TEXT_SIZE":16,"TEXT":"Compare"}}],"properties":{"VIEW_ID":"Linear7","LAYOUT_WIDTH":-1,"VIEW_CLASS_NAME":"android.widget.LinearLayout"}}],"properties":{"VIEW_ID":"Frame17","LAYOUT_MARGIN_TOP":16,"LAYOUT_WIDTH":-1,"CUSTOM_LAYOUT_LAYOUT":{"@class":"com.crane.mockapp.core.model.layouts.PropLayoutValue","projectId":"0d3fcd7a-86b4-4af8-a669-6ab33eec65c6","layoutId":"d6ce0e56-a801-45aa-9695-81f829348694"},"LAYOUT_MARGIN_START":16,"LAYOUT_MARGIN_END":16,"LAYOUT_MARGIN_BOTTOM":0}},{"children":[{"children":null,"properties":{"VIEW_ID":"Text2","TEXT_STYLE":1,"VIEW_CLASS_NAME":"android.widget.TextView","TEXT_SIZE":24,"TEXT":"2017"}},{"children":null,"properties":{"VIEW_ID":"Image5","ICON_COLOR":["com.crane.mockapp.core.model.theme.ThemeModelColor","TEXT_PRIMARY"],"ICON_SIZE":12,"VIEW_CLASS_NAME":"android.widget.ImageView"}}],"properties":{"LAYOUT_GRAVITY":49,"VIEW_ID":"Linear18","LAYOUT_MARGIN_TOP":16,"CUSTOM_LAYOUT_LAYOUT":{"@class":"com.crane.mockapp.core.model.layouts.PropLayoutValue","projectId":"0d3fcd7a-86b4-4af8-a669-6ab33eec65c6","layoutId":"b4b66cab-342f-465d-9bbb-31efe3dc4ce0"},"LAYOUT_MARGIN_START":0,"LAYOUT_MARGIN_END":0,"LAYOUT_MARGIN_BOTTOM":0}},{"children":[{"children":null,"properties":{"TEXT_MIN_LINES":1,"LAYOUT_GRAVITY":17,"VIEW_ID":"Text22","LAYOUT_MIN_HEIGHT":0,"LAYOUT_WIDTH":-2,"TEXT_MAX_LINES":20,"BACKGROUND_COLOR":["com.crane.mockapp.core.model.theme.ThemeModelColor","TRANSPARENT"],"VIEW_CLASS_NAME":"android.widget.TextView","TEXT":"Data area","LAYOUT_MIN_WIDTH":0,"TEXT_STYLE":2,"TEXT_COLOR":["com.crane.mockapp.core.model.theme.ThemeModelColor","TEXT_PRIMARY"],"TEXT_COLOR_HINT":["com.crane.mockapp.core.model.theme.ThemeModelColorHint","AUTO"],"LAYOUT_HEIGHT":-2,"TEXT_SIZE":18}}],"properties":{"VIEW_ID":"Frame21","LAYOUT_MIN_HEIGHT":0,"LAYOUT_MIN_WIDTH":0,"LAYOUT_WIDTH":-1,"LAYOUT_WEIGHT":1,"BACKGROUND_COLOR":["com.crane.mockapp.core.model.theme.ThemeModelColor","TRANSPARENT"],"OUTLINE_CLIP_TO_PADDING":false,"VIEW_CLASS_NAME":"android.widget.FrameLayout","LAYOUT_HEIGHT":0}}],"properties":{"VIEW_ID":"Linear4","LAYOUT_MIN_HEIGHT":0,"LAYOUT_MIN_WIDTH":0,"LAYOUT_WIDTH":-1,"BACKGROUND_COLOR":["com.crane.mockapp.core.model.theme.ThemeModelColor","TRANSPARENT"],"OUTLINE_CLIP_TO_PADDING":false,"LAYOUT_ORIENTATION":1,"VIEW_CLASS_NAME":"android.widget.LinearLayout","LAYOUT_HEIGHT":-1}}],"properties":{"VIEW_ID":"Frame2","LAYOUT_MIN_HEIGHT":0,"LAYOUT_MIN_WIDTH":0,"BACKGROUND_IMAGE":"0d3fcd7a-86b4-4af8-a669-6ab33eec65c6/game_bg_tile.png","LAYOUT_WIDTH":-1,"BACKGROUND_COLOR":["com.crane.mockapp.core.model.theme.ThemeModelColor","TRANSPARENT"],"OUTLINE_CLIP_TO_PADDING":false,"VIEW_CLASS_NAME":"android.widget.FrameLayout","LAYOUT_HEIGHT":-1}}],"properties":{"VIEW_ID":"Linear19","LAYOUT_MIN_HEIGHT":0,"LAYOUT_WIDTH":-1,"PADDING_START":0,"PADDING_END":0,"PADDING_TOP":0,"BACKGROUND_COLOR":["com.crane.mockapp.core.model.theme.ThemeModelColor","TRANSPARENT"],"LAYOUT_ORIENTATION":1,"VIEW_CLASS_NAME":"android.widget.LinearLayout","LAYOUT_MIN_WIDTH":0,"OUTLINE_CLIP_TO_PADDING":false,"LAYOUT_HEIGHT":-1,"PADDING_BOTTOM":0}}],"properties":{"VIEW_ID":"Frame1","LAYOUT_MIN_HEIGHT":0,"LAYOUT_MIN_WIDTH":0,"LAYOUT_WIDTH":-1,"BACKGROUND_COLOR":["com.crane.mockapp.core.model.theme.ThemeModelColor","TRANSPARENT"],"OUTLINE_CLIP_TO_PADDING":false,"VIEW_CLASS_NAME":"android.widget.FrameLayout","LAYOUT_HEIGHT":-1}},"layoutFullScreen":false,"navDrawerLayout":null,"onBottomSheetCollapsed":null,"onBottomSheetExpanded":null,"primaryThemeId":134,"statusBarColor":"P700","statusBarColorAlpha":100}