{"accentThemeId":103,"bottomSheetFullScreen":false,"bottomSheetLayout":null,"bottomSheetMarginTop":0,"bottomSheetPeekHeight":0,"lastViewIndex":75,"layout":{"children":[{"children":[{"children":[{"children":[{"children":[{"children":null,"properties":{"IMAGE_DRAWABLE":"0d3fcd7a-86b4-4af8-a669-6ab33eec65c6/photo_country_full4.jpg","VIEW_CLASS_NAME":"android.widget.ImageView","LAYOUT_MIN_WIDTH":0,"OUTLINE_ENABLED":true,"LAYOUT_HEIGHT":-1,"BACKGROUND_COLOR":["com.crane.mockapp.core.model.theme.ThemeModelColor","TRANSPARENT"],"ICON_COLOR":["com.crane.mockapp.core.model.theme.ThemeModelColor","ICON_ACTIVE"],"ICON_COLOR_HINT":["com.crane.mockapp.core.model.theme.ThemeModelColorHint","AUTO"],"IMAGE_SCALE_TYPE":["android.widget.ImageView$ScaleType","CENTER_CROP"],"VIEW_ID":"Image22","ICON_SIZE":24,"LAYOUT_WIDTH":-1,"LAYOUT_MIN_HEIGHT":0,"OUTLINE_CLIP_TO_OUTLINE":true}}],"properties":{"VIEW_CLASS_NAME":"android.widget.FrameLayout","LAYOUT_MIN_WIDTH":0,"LAYOUT_HEIGHT":-1,"LAYOUT_WIDTH":-1,"BACKGROUND_COLOR":["com.crane.mockapp.core.model.theme.ThemeModelColor","TRANSPARENT"],"LAYOUT_MIN_HEIGHT":0,"VIEW_ID":"Frame13","OUTLINE_CLIP_TO_PADDING":false}},{"children":[{"children":null,"properties":{"IMAGE_DRAWABLE":"0d3fcd7a-86b4-4af8-a669-6ab33eec65c6/photo_country_full3.jpg","VIEW_CLASS_NAME":"android.widget.ImageView","LAYOUT_MIN_WIDTH":0,"OUTLINE_ENABLED":true,"LAYOUT_HEIGHT":-1,"BACKGROUND_COLOR":["com.crane.mockapp.core.model.theme.ThemeModelColor","TRANSPARENT"],"ICON_COLOR":["com.crane.mockapp.core.model.theme.ThemeModelColor","ICON_ACTIVE"],"ICON_COLOR_HINT":["com.crane.mockapp.core.model.theme.ThemeModelColorHint","AUTO"],"IMAGE_SCALE_TYPE":["android.widget.ImageView$ScaleType","CENTER_CROP"],"VIEW_ID":"Image23","ICON_SIZE":24,"LAYOUT_WIDTH":-1,"LAYOUT_MIN_HEIGHT":0,"OUTLINE_CLIP_TO_OUTLINE":true}}],"properties":{"VIEW_CLASS_NAME":"android.widget.FrameLayout","LAYOUT_MIN_WIDTH":0,"LAYOUT_HEIGHT":-1,"LAYOUT_WIDTH":-1,"BACKGROUND_COLOR":["com.crane.mockapp.core.model.theme.ThemeModelColor","TRANSPARENT"],"LAYOUT_MIN_HEIGHT":0,"VIEW_ID":"Frame15","OUTLINE_CLIP_TO_PADDING":false}},{"children":[{"children":null,"properties":{"IMAGE_DRAWABLE":"0d3fcd7a-86b4-4af8-a669-6ab33eec65c6/photo_country_full2.jpg","VIEW_CLASS_NAME":"android.widget.ImageView","LAYOUT_MIN_WIDTH":0,"OUTLINE_ENABLED":true,"LAYOUT_HEIGHT":-1,"BACKGROUND_COLOR":["com.crane.mockapp.core.model.theme.ThemeModelColor","TRANSPARENT"],"ICON_COLOR":["com.crane.mockapp.core.model.theme.ThemeModelColor","ICON_ACTIVE"],"ICON_COLOR_HINT":["com.crane.mockapp.core.model.theme.ThemeModelColorHint","AUTO"],"IMAGE_SCALE_TYPE":["android.widget.ImageView$ScaleType","CENTER_CROP"],"VIEW_ID":"Image24","ICON_SIZE":24,"LAYOUT_WIDTH":-1,"LAYOUT_MIN_HEIGHT":0,"OUTLINE_CLIP_TO_OUTLINE":true}}],"properties":{"VIEW_CLASS_NAME":"android.widget.FrameLayout","LAYOUT_MIN_WIDTH":0,"LAYOUT_HEIGHT":-1,"LAYOUT_WIDTH":-1,"BACKGROUND_COLOR":["com.crane.mockapp.core.model.theme.ThemeModelColor","TRANSPARENT"],"LAYOUT_MIN_HEIGHT":0,"VIEW_ID":"Frame17","OUTLINE_CLIP_TO_PADDING":false}}],"properties":{"VIEW_CLASS_NAME":"androidx.viewpager.widget.ViewPager","LAYOUT_MIN_WIDTH":0,"LAYOUT_HEIGHT":232,"LAYOUT_WIDTH":-1,"BACKGROUND_COLOR":["com.crane.mockapp.core.model.theme.ThemeModelColor","TRANSPARENT"],"LAYOUT_MIN_HEIGHT":0,"VIEW_ID":"Pager12","OUTLINE_CLIP_TO_PADDING":false}},{"children":[{"children":null,"properties":{"VIEW_CLASS_NAME":"android.view.View","LAYOUT_MIN_WIDTH":0,"LAYOUT_HEIGHT":16,"LAYOUT_WEIGHT":0,"LAYOUT_WIDTH":16,"BACKGROUND_COLOR":["com.crane.mockapp.core.model.theme.ThemeModelColor","TRANSPARENT"],"LAYOUT_MIN_HEIGHT":0,"VIEW_ID":"View39"}},{"children":[{"children":null,"properties":{"IMAGE_DRAWABLE":"0d3fcd7a-86b4-4af8-a669-6ab33eec65c6/flag.png","VIEW_CLASS_NAME":"android.widget.ImageView","LAYOUT_MIN_WIDTH":24,"OUTLINE_ENABLED":true,"LAYOUT_HEIGHT":45,"OUTLINE_OFFSET":0,"LAYOUT_GRAVITY":8388627,"BACKGROUND_COLOR":["com.crane.mockapp.core.model.theme.ThemeModelColor","TRANSPARENT"],"ICON_COLOR":["com.crane.mockapp.core.model.theme.ThemeModelColor","ICON_ACTIVE"],"VIEW_ID":"ImageView_5","ICON_SIZE":24,"LAYOUT_WIDTH":68,"LAYOUT_MIN_HEIGHT":24,"OUTLINE_CLIP_TO_OUTLINE":true,"LAYOUT_MARGIN_TOP":0,"LAYOUT_MARGIN_START":0,"LAYOUT_MARGIN_END":0,"LAYOUT_MARGIN_BOTTOM":0,"OUTLINE_RADIUS":4}}],"properties":{"VIEW_CLASS_NAME":"android.widget.FrameLayout","PADDING_TOP":4,"LAYOUT_MIN_WIDTH":24,"OUTLINE_ENABLED":true,"LAYOUT_HEIGHT":-2,"LAYOUT_GRAVITY":8388627,"PADDING_START":4,"BACKGROUND_COLOR":["com.crane.mockapp.core.model.theme.ThemeModelColor","White"],"PADDING_BOTTOM":4,"VIEW_ID":"Frame30","ELEVATION":3,"OUTLINE_CLIP_TO_PADDING":true,"LAYOUT_WIDTH":-2,"LAYOUT_MIN_HEIGHT":24,"OUTLINE_CLIP_TO_OUTLINE":true,"LAYOUT_MARGIN_TOP":0,"PADDING_END":4,"LAYOUT_MARGIN_START":0,"LAYOUT_MARGIN_END":0,"LAYOUT_MARGIN_BOTTOM":0,"OUTLINE_RADIUS":8}},{"children":null,"properties":{"VIEW_CLASS_NAME":"android.view.View","LAYOUT_MIN_WIDTH":0,"LAYOUT_HEIGHT":16,"LAYOUT_WEIGHT":0,"LAYOUT_WIDTH":8,"BACKGROUND_COLOR":["com.crane.mockapp.core.model.theme.ThemeModelColor","TRANSPARENT"],"LAYOUT_MIN_HEIGHT":0,"VIEW_ID":"View36"}},{"children":[{"children":null,"properties":{"IMAGE_DRAWABLE":"0d3fcd7a-86b4-4af8-a669-6ab33eec65c6/usa_herb.png","VIEW_CLASS_NAME":"android.widget.ImageView","LAYOUT_MIN_WIDTH":24,"OUTLINE_ENABLED":true,"LAYOUT_HEIGHT":45,"OUTLINE_OFFSET":0,"LAYOUT_GRAVITY":8388627,"BACKGROUND_COLOR":["com.crane.mockapp.core.model.theme.ThemeModelColor","TRANSPARENT"],"ICON_COLOR":["com.crane.mockapp.core.model.theme.ThemeModelColor","ICON_ACTIVE"],"VIEW_ID":"ImageView_5","ICON_SIZE":24,"LAYOUT_WIDTH":44,"LAYOUT_MIN_HEIGHT":24,"OUTLINE_CLIP_TO_OUTLINE":true,"LAYOUT_MARGIN_TOP":0,"LAYOUT_MARGIN_START":0,"LAYOUT_MARGIN_END":0,"LAYOUT_MARGIN_BOTTOM":0,"OUTLINE_RADIUS":4}}],"properties":{"VIEW_CLASS_NAME":"android.widget.FrameLayout","PADDING_TOP":4,"LAYOUT_MIN_WIDTH":24,"OUTLINE_ENABLED":true,"LAYOUT_HEIGHT":-2,"LAYOUT_GRAVITY":8388627,"PADDING_START":4,"BACKGROUND_COLOR":["com.crane.mockapp.core.model.theme.ThemeModelColor","White"],"PADDING_BOTTOM":4,"VIEW_ID":"Frame31","ELEVATION":3,"OUTLINE_CLIP_TO_PADDING":true,"LAYOUT_WIDTH":-2,"LAYOUT_MIN_HEIGHT":24,"OUTLINE_CLIP_TO_OUTLINE":true,"LAYOUT_MARGIN_TOP":0,"PADDING_END":4,"LAYOUT_MARGIN_START":0,"LAYOUT_MARGIN_END":0,"LAYOUT_MARGIN_BOTTOM":0,"OUTLINE_RADIUS":8}},{"children":null,"properties":{"VIEW_CLASS_NAME":"android.view.View","LAYOUT_MIN_WIDTH":0,"LAYOUT_HEIGHT":16,"LAYOUT_WEIGHT":0,"LAYOUT_WIDTH":8,"BACKGROUND_COLOR":["com.crane.mockapp.core.model.theme.ThemeModelColor","TRANSPARENT"],"LAYOUT_MIN_HEIGHT":0,"VIEW_ID":"View37"}},{"children":[{"children":null,"properties":{"IMAGE_DRAWABLE":"0d3fcd7a-86b4-4af8-a669-6ab33eec65c6/usa_map.png","VIEW_CLASS_NAME":"android.widget.ImageView","LAYOUT_MIN_WIDTH":24,"OUTLINE_ENABLED":true,"LAYOUT_HEIGHT":45,"OUTLINE_OFFSET":0,"LAYOUT_GRAVITY":8388627,"BACKGROUND_COLOR":["com.crane.mockapp.core.model.theme.ThemeModelColor","TRANSPARENT"],"ICON_COLOR":["com.crane.mockapp.core.model.theme.ThemeModelColor","ICON_ACTIVE"],"VIEW_ID":"ImageView_5","ICON_SIZE":24,"LAYOUT_WIDTH":44,"LAYOUT_MIN_HEIGHT":24,"OUTLINE_CLIP_TO_OUTLINE":true,"LAYOUT_MARGIN_TOP":0,"LAYOUT_MARGIN_START":0,"LAYOUT_MARGIN_END":0,"LAYOUT_MARGIN_BOTTOM":0,"OUTLINE_RADIUS":4}}],"properties":{"VIEW_CLASS_NAME":"android.widget.FrameLayout","PADDING_TOP":4,"LAYOUT_MIN_WIDTH":24,"OUTLINE_ENABLED":true,"LAYOUT_HEIGHT":-2,"LAYOUT_GRAVITY":8388627,"PADDING_START":4,"BACKGROUND_COLOR":["com.crane.mockapp.core.model.theme.ThemeModelColor","White"],"PADDING_BOTTOM":4,"VIEW_ID":"Frame33","ELEVATION":3,"OUTLINE_CLIP_TO_PADDING":true,"LAYOUT_WIDTH":-2,"LAYOUT_MIN_HEIGHT":24,"OUTLINE_CLIP_TO_OUTLINE":true,"LAYOUT_MARGIN_TOP":0,"PADDING_END":4,"LAYOUT_MARGIN_START":0,"LAYOUT_MARGIN_END":0,"LAYOUT_MARGIN_BOTTOM":0,"OUTLINE_RADIUS":8}},{"children":null,"properties":{"VIEW_CLASS_NAME":"android.view.View","LAYOUT_MIN_WIDTH":0,"LAYOUT_HEIGHT":16,"LAYOUT_WEIGHT":1,"LAYOUT_WIDTH":0,"BACKGROUND_COLOR":["com.crane.mockapp.core.model.theme.ThemeModelColor","TRANSPARENT"],"LAYOUT_MIN_HEIGHT":0,"VIEW_ID":"View38"}},{"children":[{"children":null,"properties":{"ICON_DRAWABLE":"gmd_star","VIEW_CLASS_NAME":"android.widget.ImageView","LAYOUT_MIN_WIDTH":24,"OUTLINE_ENABLED":true,"LAYOUT_HEIGHT":45,"OUTLINE_OFFSET":0,"LAYOUT_GRAVITY":8388627,"ICON_CONTOUR_COLOR":["com.crane.mockapp.core.model.theme.ThemeModelColor","Goldenrod"],"BACKGROUND_COLOR":["com.crane.mockapp.core.model.theme.ThemeModelColor","TRANSPARENT"],"ICON_COLOR":["com.crane.mockapp.core.model.theme.ThemeModelColor","Gold"],"VIEW_ID":"ImageView_5","ICON_SIZE":45,"ICON_CONTOUR_SIZE":2,"LAYOUT_WIDTH":44,"LAYOUT_MIN_HEIGHT":24,"OUTLINE_CLIP_TO_OUTLINE":true,"LAYOUT_MARGIN_TOP":0,"LAYOUT_MARGIN_START":0,"LAYOUT_MARGIN_END":0,"LAYOUT_MARGIN_BOTTOM":0,"OUTLINE_RADIUS":4}}],"properties":{"VIEW_CLASS_NAME":"android.widget.FrameLayout","PADDING_TOP":4,"LAYOUT_MIN_WIDTH":24,"OUTLINE_ENABLED":true,"LAYOUT_HEIGHT":-2,"LAYOUT_GRAVITY":8388627,"PADDING_START":4,"BACKGROUND_COLOR":["com.crane.mockapp.core.model.theme.ThemeModelColor","White"],"PADDING_BOTTOM":4,"VIEW_ID":"Frame34","ELEVATION":3,"OUTLINE_CLIP_TO_PADDING":true,"LAYOUT_WIDTH":-2,"LAYOUT_MIN_HEIGHT":24,"OUTLINE_CLIP_TO_OUTLINE":true,"LAYOUT_MARGIN_TOP":0,"PADDING_END":4,"LAYOUT_MARGIN_START":0,"LAYOUT_MARGIN_END":0,"LAYOUT_MARGIN_BOTTOM":0,"OUTLINE_RADIUS":8}},{"children":null,"properties":{"VIEW_CLASS_NAME":"android.view.View","LAYOUT_MIN_WIDTH":0,"LAYOUT_HEIGHT":16,"LAYOUT_WEIGHT":0,"LAYOUT_WIDTH":16,"BACKGROUND_COLOR":["com.crane.mockapp.core.model.theme.ThemeModelColor","TRANSPARENT"],"LAYOUT_MIN_HEIGHT":0,"VIEW_ID":"View35"}}],"properties":{"VIEW_CLASS_NAME":"android.widget.LinearLayout","LAYOUT_MIN_WIDTH":0,"LAYOUT_HEIGHT":80,"LAYOUT_WIDTH":-1,"BACKGROUND_COLOR":["com.crane.mockapp.core.model.theme.ThemeModelColor","TRANSPARENT"],"LAYOUT_MIN_HEIGHT":0,"VIEW_ID":"Linear25","LAYOUT_ORIENTATION":0,"ELEVATION":0,"OUTLINE_CLIP_TO_PADDING":false}},{"children":[{"children":[{"children":null,"properties":{"VIEW_CLASS_NAME":"android.widget.TextView","LAYOUT_MIN_WIDTH":0,"LAYOUT_HEIGHT":-2,"TEXT_MIN_LINES":1,"TEXT_COLOR_HINT":["com.crane.mockapp.core.model.theme.ThemeModelColorHint","AUTO"],"TEXT":"China","BACKGROUND_COLOR":["com.crane.mockapp.core.model.theme.ThemeModelColor","TRANSPARENT"],"TEXT_MAX_LINES":20,"VIEW_ID":"Text41","TEXT_SIZE":18,"TEXT_COLOR":["com.crane.mockapp.core.model.theme.ThemeModelColor","TEXT_PRIMARY"],"LAYOUT_WIDTH":-2,"LAYOUT_MIN_HEIGHT":0,"TEXT_STYLE":1}},{"children":null,"properties":{"VIEW_CLASS_NAME":"android.widget.TextView","LAYOUT_MIN_WIDTH":0,"TEXT_MIN_LINES":1,"LAYOUT_HEIGHT":-2,"TEXT":"Beijing","TEXT_COLOR_HINT":["com.crane.mockapp.core.model.theme.ThemeModelColorHint","AUTO"],"BACKGROUND_COLOR":["com.crane.mockapp.core.model.theme.ThemeModelColor","TRANSPARENT"],"TEXT_MAX_LINES":20,"VIEW_ID":"Text42","TEXT_SIZE":16,"TEXT_COLOR":["com.crane.mockapp.core.model.theme.ThemeModelColor","TEXT_SECONDARY"],"LAYOUT_WIDTH":-2,"LAYOUT_MIN_HEIGHT":0}}],"properties":{"VIEW_CLASS_NAME":"android.widget.LinearLayout","PADDING_TOP":16,"LAYOUT_MIN_WIDTH":0,"LAYOUT_HEIGHT":-1,"PADDING_START":16,"PADDING_BOTTOM":16,"BACKGROUND_COLOR":["com.crane.mockapp.core.model.theme.ThemeModelColor","TRANSPARENT"],"VIEW_ID":"Linear48","OUTLINE_CLIP_TO_PADDING":false,"LAYOUT_WIDTH":-1,"LAYOUT_MIN_HEIGHT":0,"PADDING_END":16,"LAYOUT_ORIENTATION":1}}],"properties":{"VIEW_CLASS_NAME":"android.widget.LinearLayout","LAYOUT_MIN_WIDTH":0,"LAYOUT_HEIGHT":-1,"LAYOUT_WIDTH":-1,"BACKGROUND_COLOR":["com.crane.mockapp.core.model.theme.ThemeModelColor","TRANSPARENT"],"LAYOUT_MIN_HEIGHT":0,"VIEW_ID":"Linear44","LAYOUT_ORIENTATION":0,"OUTLINE_CLIP_TO_PADDING":false}},{"children":null,"properties":{"VIEW_CLASS_NAME":"android.view.View","LAYOUT_HEIGHT":1,"BACKGROUND_COLOR":["com.crane.mockapp.core.model.theme.ThemeModelColor","DIVIDER"],"VIEW_ID":"View75"}},{"children":null,"properties":{"VIEW_CLASS_NAME":"android.widget.TextView","PADDING_TOP":16,"LAYOUT_MIN_WIDTH":0,"LAYOUT_HEIGHT":-2,"TEXT_MIN_LINES":1,"TEXT_COLOR_HINT":["com.crane.mockapp.core.model.theme.ThemeModelColorHint","AUTO"],"TEXT":"Country chat (messages: 12)","PADDING_START":16,"BACKGROUND_COLOR":["com.crane.mockapp.core.model.theme.ThemeModelColor","TRANSPARENT"],"PADDING_BOTTOM":16,"TEXT_MAX_LINES":20,"VIEW_ID":"Text73","TEXT_SIZE":16,"TEXT_COLOR":["com.crane.mockapp.core.model.theme.ThemeModelColor","P500"],"LAYOUT_WIDTH":-2,"LAYOUT_MIN_HEIGHT":0,"PADDING_END":16}},{"children":null,"properties":{"VIEW_CLASS_NAME":"android.view.View","LAYOUT_HEIGHT":1,"BACKGROUND_COLOR":["com.crane.mockapp.core.model.theme.ThemeModelColor","DIVIDER"],"VIEW_ID":"View74"}},{"children":[{"children":null,"properties":{"VIEW_CLASS_NAME":"com.crane.mockapp.core.MockApp$Tab","LAYOUT_MIN_WIDTH":0,"LAYOUT_HEIGHT":-2,"TEXT":"Info","LAYOUT_WIDTH":-2,"BACKGROUND_COLOR":["com.crane.mockapp.core.model.theme.ThemeModelColor","TRANSPARENT"],"LAYOUT_MIN_HEIGHT":0,"VIEW_ID":"Tab60"}},{"children":null,"properties":{"VIEW_CLASS_NAME":"com.crane.mockapp.core.MockApp$Tab","LAYOUT_MIN_WIDTH":0,"LAYOUT_HEIGHT":-2,"TEXT":"Data","LAYOUT_WIDTH":-2,"BACKGROUND_COLOR":["com.crane.mockapp.core.model.theme.ThemeModelColor","TRANSPARENT"],"LAYOUT_MIN_HEIGHT":0,"VIEW_ID":"Tab61"}}],"properties":{"VIEW_CLASS_NAME":"com.google.android.material.tabs.TabLayout","PADDING_TOP":0,"LAYOUT_MIN_WIDTH":0,"LAYOUT_HEIGHT":-2,"PADDING_START":0,"BACKGROUND_COLOR":["com.crane.mockapp.core.model.theme.ThemeModelColor","TRANSPARENT"],"PADDING_BOTTOM":0,"BACKGROUND_ALPHA":32,"VIEW_ID":"Tabs59","TAB_LAYOUT_TAB_MODE":1,"OUTLINE_CLIP_TO_PADDING":false,"LAYOUT_WIDTH":-1,"TAB_LAYOUT_INDICATOR_HEIGHT":2,"LAYOUT_MIN_HEIGHT":0,"TAB_LAYOUT_TEXT_COLORS":["[Lcom.crane.mockapp.core.model.theme.ThemeModelColor;",["TEXT_PRIMARY","TEXT_SECONDARY"]],"LAYOUT_MARGIN_TOP":0,"PADDING_END":0,"TAB_LAYOUT_INDICATOR_COLOR":["com.crane.mockapp.core.model.theme.ThemeModelColor","P900"],"TAB_LAYOUT_VIEW_PAGER_REF":"Frame1/Scroll7/Linear8/Pager49","LAYOUT_MARGIN_START":16,"LAYOUT_MARGIN_END":16,"LAYOUT_MARGIN_BOTTOM":0}},{"children":[{"children":[{"children":[{"children":null,"properties":{"VIEW_CLASS_NAME":"android.widget.TextView","LAYOUT_MIN_WIDTH":0,"LAYOUT_HEIGHT":-2,"TEXT_MIN_LINES":1,"TEXT_COLOR_HINT":["com.crane.mockapp.core.model.theme.ThemeModelColorHint","AUTO"],"TEXT":"Country description","BACKGROUND_COLOR":["com.crane.mockapp.core.model.theme.ThemeModelColor","TRANSPARENT"],"TEXT_MAX_LINES":20,"VIEW_ID":"Text65","TEXT_SIZE":16,"VISIBILITY":8,"TEXT_COLOR":["com.crane.mockapp.core.model.theme.ThemeModelColor","TEXT_SECONDARY"],"LAYOUT_WIDTH":-2,"LAYOUT_MIN_HEIGHT":0,"TEXT_STYLE":0}},{"children":null,"properties":{"VIEW_CLASS_NAME":"android.widget.TextView","LAYOUT_MIN_WIDTH":0,"TEXT_MIN_LINES":1,"LAYOUT_HEIGHT":-2,"TEXT":"Lorem ipsum dolor sit amet, consectetur adipiscing elit. Cras non sagittis elit. Curabitur vitae elit eget ipsum gravida semper. Vivamus massa nisi, viverra eget sapien maximus, dignissim bibendum arcu. Aliquam purus neque, mollis in lacinia at, aliquam efficitur nibh. Vestibulum fermentum volutpat justo eget mollis. Integer sit amet est eu nulla varius bibendum interdum ac tellus. Integer euismod ultrices turpis. Nulla vitae lectus maximus, tempor eros in, tincidunt ex. Donec sit amet malesuada ipsum. Nullam consequat magna quis elit iaculis, eu luctus erat pretium. Nullam aliquet, risus et consequat tempus, mauris nulla lobortis ligula, molestie posuere justo nibh ut ipsum. Sed in leo id nulla condimentum sollicitudin.","TEXT_COLOR_HINT":["com.crane.mockapp.core.model.theme.ThemeModelColorHint","AUTO"],"BACKGROUND_COLOR":["com.crane.mockapp.core.model.theme.ThemeModelColor","TRANSPARENT"],"TEXT_MAX_LINES":20,"VIEW_ID":"Text66","TEXT_SIZE":16,"TEXT_COLOR":["com.crane.mockapp.core.model.theme.ThemeModelColor","TEXT_PRIMARY"],"LAYOUT_WIDTH":-2,"LAYOUT_MIN_HEIGHT":0}},{"children":null,"properties":{"VIEW_CLASS_NAME":"android.widget.TextView","LAYOUT_MIN_WIDTH":0,"LAYOUT_HEIGHT":-2,"TEXT_MIN_LINES":1,"TEXT_COLOR_HINT":["com.crane.mockapp.core.model.theme.ThemeModelColorHint","AUTO"],"TEXT":"Official language","BACKGROUND_COLOR":["com.crane.mockapp.core.model.theme.ThemeModelColor","TRANSPARENT"],"TEXT_MAX_LINES":20,"VIEW_ID":"Text67","TEXT_SIZE":16,"TEXT_COLOR":["com.crane.mockapp.core.model.theme.ThemeModelColor","TEXT_SECONDARY"],"LAYOUT_WIDTH":-2,"LAYOUT_MIN_HEIGHT":0,"LAYOUT_MARGIN_TOP":16,"LAYOUT_MARGIN_START":0,"LAYOUT_MARGIN_END":0,"LAYOUT_MARGIN_BOTTOM":0}},{"children":null,"properties":{"VIEW_CLASS_NAME":"android.widget.TextView","LAYOUT_MIN_WIDTH":0,"LAYOUT_HEIGHT":-2,"TEXT_MIN_LINES":1,"TEXT_COLOR_HINT":["com.crane.mockapp.core.model.theme.ThemeModelColorHint","AUTO"],"TEXT":"Chinese","BACKGROUND_COLOR":["com.crane.mockapp.core.model.theme.ThemeModelColor","TRANSPARENT"],"TEXT_MAX_LINES":20,"VIEW_ID":"Text68","TEXT_SIZE":16,"TEXT_COLOR":["com.crane.mockapp.core.model.theme.ThemeModelColor","TEXT_PRIMARY"],"LAYOUT_WIDTH":-2,"LAYOUT_MIN_HEIGHT":0,"TEXT_STYLE":1}},{"children":null,"properties":{"VIEW_CLASS_NAME":"android.widget.TextView","LAYOUT_MIN_WIDTH":0,"LAYOUT_HEIGHT":-2,"TEXT_MIN_LINES":1,"TEXT_COLOR_HINT":["com.crane.mockapp.core.model.theme.ThemeModelColorHint","AUTO"],"TEXT":"Form of government","BACKGROUND_COLOR":["com.crane.mockapp.core.model.theme.ThemeModelColor","TRANSPARENT"],"TEXT_MAX_LINES":20,"VIEW_ID":"Text69","TEXT_SIZE":16,"TEXT_COLOR":["com.crane.mockapp.core.model.theme.ThemeModelColor","TEXT_SECONDARY"],"LAYOUT_WIDTH":-2,"LAYOUT_MIN_HEIGHT":0,"LAYOUT_MARGIN_TOP":16,"LAYOUT_MARGIN_START":0,"LAYOUT_MARGIN_END":0,"LAYOUT_MARGIN_BOTTOM":0}},{"children":null,"properties":{"VIEW_CLASS_NAME":"android.widget.TextView","LAYOUT_MIN_WIDTH":0,"LAYOUT_HEIGHT":-2,"TEXT_MIN_LINES":1,"TEXT_COLOR_HINT":["com.crane.mockapp.core.model.theme.ThemeModelColorHint","AUTO"],"TEXT":"Republic","BACKGROUND_COLOR":["com.crane.mockapp.core.model.theme.ThemeModelColor","TRANSPARENT"],"TEXT_MAX_LINES":20,"VIEW_ID":"Text70","TEXT_SIZE":16,"TEXT_COLOR":["com.crane.mockapp.core.model.theme.ThemeModelColor","TEXT_PRIMARY"],"LAYOUT_WIDTH":-2,"LAYOUT_MIN_HEIGHT":0,"TEXT_STYLE":1}}],"properties":{"VIEW_CLASS_NAME":"android.widget.LinearLayout","PADDING_TOP":16,"LAYOUT_MIN_WIDTH":0,"LAYOUT_HEIGHT":-1,"PADDING_START":16,"PADDING_BOTTOM":16,"BACKGROUND_COLOR":["com.crane.mockapp.core.model.theme.ThemeModelColor","TRANSPARENT"],"VIEW_ID":"Linear64","OUTLINE_CLIP_TO_PADDING":false,"LAYOUT_WIDTH":-1,"LAYOUT_MIN_HEIGHT":0,"PADDING_END":16,"LAYOUT_ORIENTATION":1}}],"properties":{"VIEW_CLASS_NAME":"android.widget.FrameLayout","LAYOUT_MIN_WIDTH":0,"LAYOUT_HEIGHT":-1,"LAYOUT_WIDTH":-1,"BACKGROUND_COLOR":["com.crane.mockapp.core.model.theme.ThemeModelColor","TRANSPARENT"],"LAYOUT_MIN_HEIGHT":0,"VIEW_ID":"Frame50","OUTLINE_CLIP_TO_PADDING":false}},{"children":[{"children":null,"properties":{"VIEW_CLASS_NAME":"android.widget.TextView","LAYOUT_MIN_WIDTH":0,"LAYOUT_HEIGHT":-2,"TEXT_MIN_LINES":1,"LAYOUT_GRAVITY":49,"TEXT_COLOR_HINT":["com.crane.mockapp.core.model.theme.ThemeModelColorHint","AUTO"],"TEXT":"Data area","BACKGROUND_COLOR":["com.crane.mockapp.core.model.theme.ThemeModelColor","TRANSPARENT"],"TEXT_MAX_LINES":20,"VIEW_ID":"Text63","TEXT_COLOR":["com.crane.mockapp.core.model.theme.ThemeModelColor","TEXT_PRIMARY"],"LAYOUT_WIDTH":-2,"LAYOUT_MIN_HEIGHT":0,"LAYOUT_MARGIN_TOP":40,"LAYOUT_MARGIN_START":0,"LAYOUT_MARGIN_END":0,"LAYOUT_MARGIN_BOTTOM":0,"TEXT_STYLE":2}}],"properties":{"VIEW_CLASS_NAME":"android.widget.FrameLayout","LAYOUT_MIN_WIDTH":0,"LAYOUT_HEIGHT":-1,"LAYOUT_WIDTH":-1,"BACKGROUND_COLOR":["com.crane.mockapp.core.model.theme.ThemeModelColor","TRANSPARENT"],"LAYOUT_MIN_HEIGHT":0,"VIEW_ID":"Frame52","OUTLINE_CLIP_TO_PADDING":false}},{"children":[{"children":null,"properties":{"VIEW_CLASS_NAME":"android.widget.TextView","LAYOUT_MIN_WIDTH":0,"TEXT_MIN_LINES":1,"LAYOUT_HEIGHT":-2,"LAYOUT_GRAVITY":17,"TEXT":"Page 3","TEXT_COLOR_HINT":["com.crane.mockapp.core.model.theme.ThemeModelColorHint","AUTO"],"BACKGROUND_COLOR":["com.crane.mockapp.core.model.theme.ThemeModelColor","TRANSPARENT"],"TEXT_MAX_LINES":20,"VIEW_ID":"Text58","TEXT_COLOR":["com.crane.mockapp.core.model.theme.ThemeModelColor","TEXT_PRIMARY"],"LAYOUT_WIDTH":-2,"LAYOUT_MIN_HEIGHT":0}}],"properties":{"VIEW_CLASS_NAME":"android.widget.FrameLayout","LAYOUT_MIN_WIDTH":0,"LAYOUT_HEIGHT":-1,"LAYOUT_WIDTH":-1,"BACKGROUND_COLOR":["com.crane.mockapp.core.model.theme.ThemeModelColor","TRANSPARENT"],"LAYOUT_MIN_HEIGHT":0,"VIEW_ID":"Frame54","OUTLINE_CLIP_TO_PADDING":false}}],"properties":{"VIEW_CLASS_NAME":"androidx.viewpager.widget.ViewPager","LAYOUT_MIN_WIDTH":0,"LAYOUT_HEIGHT":560,"LAYOUT_WEIGHT":0,"LAYOUT_WIDTH":-1,"BACKGROUND_COLOR":["com.crane.mockapp.core.model.theme.ThemeModelColor","TRANSPARENT"],"LAYOUT_MIN_HEIGHT":0,"VIEW_ID":"Pager49","OUTLINE_CLIP_TO_PADDING":false}}],"properties":{"VIEW_CLASS_NAME":"android.widget.LinearLayout","LAYOUT_MIN_WIDTH":0,"LAYOUT_HEIGHT":-1,"LAYOUT_WIDTH":-1,"BACKGROUND_COLOR":["com.crane.mockapp.core.model.theme.ThemeModelColor","TRANSPARENT"],"LAYOUT_MIN_HEIGHT":0,"VIEW_ID":"Linear8","LAYOUT_ORIENTATION":1,"OUTLINE_CLIP_TO_PADDING":false}}],"properties":{"VIEW_CLASS_NAME":"android.widget.ScrollView","LAYOUT_MIN_WIDTH":0,"LAYOUT_HEIGHT":-1,"LAYOUT_WIDTH":-1,"BACKGROUND_COLOR":["com.crane.mockapp.core.model.theme.ThemeModelColor","TRANSPARENT"],"LAYOUT_MIN_HEIGHT":0,"VIEW_ID":"Scroll7","OUTLINE_CLIP_TO_PADDING":false}}],"properties":{"VIEW_CLASS_NAME":"android.widget.FrameLayout","LAYOUT_MIN_WIDTH":0,"LAYOUT_HEIGHT":-1,"LAYOUT_WIDTH":-1,"BACKGROUND_COLOR":["com.crane.mockapp.core.model.theme.ThemeModelColor","TRANSPARENT"],"LAYOUT_MIN_HEIGHT":0,"VIEW_ID":"Frame1","OUTLINE_CLIP_TO_PADDING":false}},"layoutFullScreen":true,"navDrawerLayout":null,"onBottomSheetCollapsed":null,"onBottomSheetExpanded":null,"primaryThemeId":108,"statusBarColor":"TRANSPARENT","statusBarColorAlpha":40}