{"accentThemeId":103,"bottomSheetFullScreen":false,"bottomSheetLayout":null,"bottomSheetMarginTop":0,"bottomSheetPeekHeight":0,"lastViewIndex":19,"layout":{"children":[{"children":null,"properties":{"FITS_SYSTEM_WINDOWS_TOP":true,"LAYOUT_MIN_HEIGHT":0,"LAYOUT_HEIGHT":-1,"FITS_SYSTEM_WINDOWS":true,"RECYCLER_VIEW_LAYOUT_SPANS":1,"FITS_SYSTEM_WINDOWS_BOTTOM":true,"LAYOUT_MIN_WIDTH":0,"BACKGROUND_COLOR":["com.crane.mockapp.core.model.theme.ThemeModelColor","TRANSPARENT"],"RECYCLER_VIEW_ITEM_PADDING_TOP":56,"OUTLINE_CLIP_TO_PADDING":false,"VIEW_CLASS_NAME":"androidx.recyclerview.widget.RecyclerView","RECYCLER_VIEW_ITEM_COUNT":30,"RECYCLER_VIEW_ITEM_LAYOUT":{"@class":"com.crane.mockapp.core.model.layouts.PropLayoutValue","projectId":"c2a722f2-772d-40a4-bdd1-4b30e0810f0c","layoutId":"545d7226-92c4-4b5a-a8c7-28e3c9ad9b16"},"LAYOUT_BEHAVIOR":"com.crane.mockapp.core.FixedScrollingViewBehavior","VIEW_ID":"Recycler13","LAYOUT_WIDTH":-1}},{"children":[{"children":[{"children":null,"properties":{"LAYOUT_MIN_HEIGHT":0,"VIEW_CLASS_NAME":"com.crane.mockapp.core.MockApp$MenuItem","LAYOUT_HEIGHT":-2,"TEXT":"Item15","ACTION_ICON_DRAWABLE":"gmd_reply","LAYOUT_MIN_WIDTH":0,"VIEW_ID":"Item15","BACKGROUND_COLOR":["com.crane.mockapp.core.model.theme.ThemeModelColor","TRANSPARENT"],"LAYOUT_WIDTH":-2}},{"children":null,"properties":{"LAYOUT_MIN_HEIGHT":0,"VIEW_CLASS_NAME":"com.crane.mockapp.core.MockApp$MenuItem","LAYOUT_HEIGHT":-2,"TEXT":"Item16","ACTION_ICON_DRAWABLE":"gmd_reply_all","LAYOUT_MIN_WIDTH":0,"VIEW_ID":"Item16","BACKGROUND_COLOR":["com.crane.mockapp.core.model.theme.ThemeModelColor","TRANSPARENT"],"LAYOUT_WIDTH":-2}}],"properties":{"FITS_SYSTEM_WINDOWS_TOP":false,"TOOLBAR_SUBTITLE_TEXT_COLOR":["com.crane.mockapp.core.model.theme.ThemeModelColor","TEXT_SECONDARY"],"LAYOUT_MIN_HEIGHT":56,"BACKGROUND_ALPHA":75,"TOOLBAR_ACTION_TEXT_COLOR":["com.crane.mockapp.core.model.theme.ThemeModelColor","TEXT_PRIMARY"],"LAYOUT_HEIGHT":56,"FITS_SYSTEM_WINDOWS":false,"TOOLBAR_ACTION_ICON_COLOR":["com.crane.mockapp.core.model.theme.ThemeModelColor","ICON_ACTIVE"],"FITS_SYSTEM_WINDOWS_BOTTOM":false,"LAYOUT_MIN_WIDTH":24,"BACKGROUND_COLOR":["com.crane.mockapp.core.model.theme.ThemeModelColor","TRANSPARENT"],"ELEVATION":0,"OUTLINE_CLIP_TO_PADDING":false,"NAV_ICON_DRAWABLE":"gmd_arrow_back","VIEW_CLASS_NAME":"androidx.appcompat.widget.Toolbar","TOOLBAR_TITLE_TEXT_COLOR":["com.crane.mockapp.core.model.theme.ThemeModelColor","TEXT_PRIMARY"],"VIEW_ID":"Toolbar19","LAYOUT_WIDTH":-1}}],"properties":{"FITS_SYSTEM_WINDOWS_TOP":true,"LAYOUT_MIN_HEIGHT":0,"BACKGROUND_ALPHA":85,"LAYOUT_HEIGHT":-2,"FITS_SYSTEM_WINDOWS":true,"FITS_SYSTEM_WINDOWS_BOTTOM":false,"LAYOUT_MIN_WIDTH":0,"BACKGROUND_COLOR":["com.crane.mockapp.core.model.theme.ThemeModelColor","White"],"ELEVATION":8,"OUTLINE_CLIP_TO_PADDING":false,"VIEW_CLASS_NAME":"android.widget.FrameLayout","VIEW_ID":"Frame17","LAYOUT_WIDTH":-1}}],"properties":{"FITS_SYSTEM_WINDOWS_TOP":false,"OUTLINE_CLIP_TO_PADDING":false,"LAYOUT_MIN_HEIGHT":0,"VIEW_CLASS_NAME":"android.widget.FrameLayout","LAYOUT_HEIGHT":-1,"FITS_SYSTEM_WINDOWS":true,"FITS_SYSTEM_WINDOWS_BOTTOM":false,"LAYOUT_MIN_WIDTH":0,"VIEW_ID":"Frame11","BACKGROUND_COLOR":["com.crane.mockapp.core.model.theme.ThemeModelColor","TRANSPARENT"],"LAYOUT_WIDTH":-1}},"layoutFullScreen":true,"navBarColor":"White","navBarColorAlpha":85,"navBarLight":true,"navDrawerLayout":null,"onBottomSheetCollapsed":null,"onBottomSheetExpanded":null,"primaryThemeId":108,"statusBarColor":"TRANSPARENT","statusBarColorAlpha":100,"statusBarLight":true,"statusBarVisible":true}