{"accentThemeId":103,"bottomSheetFullScreen":false,"bottomSheetLayout":null,"bottomSheetMarginTop":0,"bottomSheetPeekHeight":0,"lastViewIndex":26,"layout":{"children":[{"children":null,"properties":{"OUTLINE_ENABLED":true,"FITS_SYSTEM_WINDOWS_TOP":false,"LAYOUT_MIN_HEIGHT":0,"LAYOUT_HEIGHT":-1,"FITS_SYSTEM_WINDOWS":false,"FITS_SYSTEM_WINDOWS_BOTTOM":true,"LAYOUT_BEHAVIOR":"com.crane.mockapp.core.FixedScrollingViewBehavior","LAYOUT_MIN_WIDTH":0,"OUTLINE_CLIP_TO_OUTLINE":true,"BACKGROUND_COLOR":["com.crane.mockapp.core.model.theme.ThemeModelColor","TRANSPARENT"],"RECYCLER_VIEW_LAYOUT_SPANS":1,"OUTLINE_CLIP_TO_PADDING":false,"VIEW_CLASS_NAME":"androidx.recyclerview.widget.RecyclerView","RECYCLER_VIEW_ITEM_COUNT":38,"RECYCLER_VIEW_ITEM_LAYOUT":{"@class":"com.crane.mockapp.core.model.layouts.PropLayoutValue","projectId":"c2a722f2-772d-40a4-bdd1-4b30e0810f0c","layoutId":"545d7226-92c4-4b5a-a8c7-28e3c9ad9b16"},"VIEW_ID":"Recycler10","LAYOUT_WIDTH":-1}},{"children":[{"children":[{"children":[{"children":[{"children":[{"children":null,"properties":{"FITS_SYSTEM_WINDOWS_TOP":false,"TEXT_COLOR":["com.crane.mockapp.core.model.theme.ThemeModelColor","TEXT_SECONDARY"],"LAYOUT_MIN_HEIGHT":0,"LAYOUT_HEIGHT":-2,"TEXT":"a-la Gmail ;)","FITS_SYSTEM_WINDOWS":false,"FITS_SYSTEM_WINDOWS_BOTTOM":false,"LAYOUT_MIN_WIDTH":0,"BACKGROUND_COLOR":["com.crane.mockapp.core.model.theme.ThemeModelColor","TRANSPARENT"],"LAYOUT_GRAVITY":8388627,"TEXT_MIN_LINES":1,"TEXT_SIZE":20,"TEXT_FONT_FAMILY":"Open Sans","VIEW_CLASS_NAME":"android.widget.TextView","TEXT_MAX_LINES":20,"TEXT_COLOR_HINT":["com.crane.mockapp.core.model.theme.ThemeModelColorHint","AUTO"],"VIEW_ID":"Text26","LAYOUT_WIDTH":-2}},{"children":null,"properties":{"FITS_SYSTEM_WINDOWS_TOP":false,"LAYOUT_MIN_HEIGHT":0,"VIEW_CLASS_NAME":"android.view.View","LAYOUT_HEIGHT":16,"FITS_SYSTEM_WINDOWS":false,"LAYOUT_WEIGHT":1,"FITS_SYSTEM_WINDOWS_BOTTOM":false,"LAYOUT_MIN_WIDTH":0,"VIEW_ID":"View25","BACKGROUND_COLOR":["com.crane.mockapp.core.model.theme.ThemeModelColor","TRANSPARENT"],"LAYOUT_WIDTH":0}},{"children":null,"properties":{"PADDING_TOP":8,"OUTLINE_ENABLED":true,"ICON_DRAWABLE":"gmd_person","PADDING_END":8,"LAYOUT_MARGIN_TOP":0,"LAYOUT_HEIGHT":32,"LAYOUT_MARGIN_END":8,"LAYOUT_MIN_WIDTH":0,"ELEVATION":6,"PADDING_BOTTOM":8,"ICON_COLOR_HINT":["com.crane.mockapp.core.model.theme.ThemeModelColorHint","AUTO"],"IMAGE_SCALE_TYPE":["android.widget.ImageView$ScaleType","FIT_XY"],"FITS_SYSTEM_WINDOWS_TOP":false,"LAYOUT_MARGIN_BOTTOM":0,"LAYOUT_MIN_HEIGHT":0,"PADDING_START":8,"FITS_SYSTEM_WINDOWS":false,"ICON_COLOR":["com.crane.mockapp.core.model.theme.ThemeModelColor","ICON_ACTIVE"],"FITS_SYSTEM_WINDOWS_BOTTOM":false,"OUTLINE_CLIP_TO_OUTLINE":true,"BACKGROUND_COLOR":["com.crane.mockapp.core.model.theme.ThemeModelColor","White"],"LAYOUT_GRAVITY":8388627,"ICON_SIZE":16,"LAYOUT_MARGIN_START":0,"VIEW_CLASS_NAME":"android.widget.ImageView","OUTLINE_RADIUS":16,"VIEW_ID":"Image24","LAYOUT_WIDTH":32}}],"properties":{"FITS_SYSTEM_WINDOWS_TOP":false,"OUTLINE_CLIP_TO_PADDING":false,"LAYOUT_MIN_HEIGHT":0,"VIEW_CLASS_NAME":"android.widget.LinearLayout","LAYOUT_HEIGHT":-1,"LAYOUT_ORIENTATION":0,"FITS_SYSTEM_WINDOWS":false,"FITS_SYSTEM_WINDOWS_BOTTOM":false,"LAYOUT_MIN_WIDTH":0,"VIEW_ID":"Linear20","BACKGROUND_COLOR":["com.crane.mockapp.core.model.theme.ThemeModelColor","TRANSPARENT"],"LAYOUT_WIDTH":-1}}],"properties":{"FITS_SYSTEM_WINDOWS_TOP":false,"OUTLINE_CLIP_TO_PADDING":false,"LAYOUT_MIN_HEIGHT":0,"VIEW_CLASS_NAME":"android.widget.LinearLayout","LAYOUT_HEIGHT":-1,"LAYOUT_ORIENTATION":1,"FITS_SYSTEM_WINDOWS":false,"FITS_SYSTEM_WINDOWS_BOTTOM":false,"LAYOUT_MIN_WIDTH":0,"VIEW_ID":"Linear14","BACKGROUND_COLOR":["com.crane.mockapp.core.model.theme.ThemeModelColor","TRANSPARENT"],"LAYOUT_WIDTH":-1}}],"properties":{"OUTLINE_ENABLED":true,"TOOLBAR_SUBTITLE_TEXT_COLOR":["com.crane.mockapp.core.model.theme.ThemeModelColor","TEXT_SECONDARY"],"LAYOUT_MARGIN_TOP":8,"TOOLBAR_ACTION_TEXT_COLOR":["com.crane.mockapp.core.model.theme.ThemeModelColor","TEXT_SECONDARY"],"LAYOUT_HEIGHT":56,"TOOLBAR_ACTION_ICON_COLOR":["com.crane.mockapp.core.model.theme.ThemeModelColor","TEXT_SECONDARY"],"LAYOUT_MARGIN_END":16,"LAYOUT_MIN_WIDTH":24,"ON_CLICK":{"@class":"com.crane.mockapp.core.model.layouts.PropEventOpenDrawer","empty":false},"ELEVATION":6,"OUTLINE_CLIP_TO_PADDING":false,"TOOLBAR_TITLE_TEXT_COLOR":["com.crane.mockapp.core.model.theme.ThemeModelColor","TEXT_PRIMARY"],"FITS_SYSTEM_WINDOWS_TOP":false,"LAYOUT_MARGIN_BOTTOM":0,"LAYOUT_MIN_HEIGHT":56,"FITS_SYSTEM_WINDOWS":false,"FITS_SYSTEM_WINDOWS_BOTTOM":false,"OUTLINE_CLIP_TO_OUTLINE":true,"BACKGROUND_COLOR":["com.crane.mockapp.core.model.theme.ThemeModelColor","White"],"LAYOUT_MARGIN_START":16,"VIEW_CLASS_NAME":"androidx.appcompat.widget.Toolbar","OUTLINE_RADIUS":20,"NAV_ICON_DRAWABLE":"gmd_menu","VIEW_ID":"Toolbar13","LAYOUT_WIDTH":-1}}],"properties":{"FITS_SYSTEM_WINDOWS_TOP":true,"OUTLINE_CLIP_TO_PADDING":false,"LAYOUT_MIN_HEIGHT":0,"VIEW_CLASS_NAME":"android.widget.FrameLayout","LAYOUT_HEIGHT":-2,"FITS_SYSTEM_WINDOWS":false,"FITS_SYSTEM_WINDOWS_BOTTOM":false,"SCROLL_FLAGS":53,"LAYOUT_MIN_WIDTH":0,"VIEW_ID":"Frame11","BACKGROUND_COLOR":["com.crane.mockapp.core.model.theme.ThemeModelColor","TRANSPARENT"],"LAYOUT_WIDTH":-1}}],"properties":{"FITS_SYSTEM_WINDOWS_TOP":false,"APPBAR_LIFTABLE":false,"LAYOUT_MIN_HEIGHT":0,"LAYOUT_HEIGHT":-2,"APPBAR_LIFTED":false,"FITS_SYSTEM_WINDOWS":false,"FITS_SYSTEM_WINDOWS_BOTTOM":false,"LAYOUT_MIN_WIDTH":0,"BACKGROUND_COLOR":["com.crane.mockapp.core.model.theme.ThemeModelColor","TRANSPARENT"],"OUTLINE_CLIP_TO_PADDING":false,"VIEW_CLASS_NAME":"com.crane.mockapp.core.AppBarLayout","VIEW_ID":"AppBarLayout2","LAYOUT_WIDTH":-1}}],"properties":{"FITS_SYSTEM_WINDOWS_TOP":false,"OUTLINE_CLIP_TO_PADDING":false,"LAYOUT_MIN_HEIGHT":0,"VIEW_CLASS_NAME":"androidx.coordinatorlayout.widget.CoordinatorLayout","LAYOUT_HEIGHT":-1,"FITS_SYSTEM_WINDOWS":false,"FITS_SYSTEM_WINDOWS_BOTTOM":false,"LAYOUT_MIN_WIDTH":0,"VIEW_ID":"Coordinator1","BACKGROUND_COLOR":["com.crane.mockapp.core.model.theme.ThemeModelColor","TRANSPARENT"],"LAYOUT_WIDTH":-1}},"layoutFullScreen":true,"navBarColor":"White","navBarColorAlpha":90,"navBarLight":true,"navDrawerLayout":{"projectId":"68ed74d9-0e4d-4f57-b86c-68bd6d9ca248","layoutId":"c4faf12d-c998-4ae8-83fd-cfa7bed979bc"},"onBottomSheetCollapsed":null,"onBottomSheetExpanded":null,"primaryThemeId":108,"statusBarColor":"White","statusBarColorAlpha":90,"statusBarLight":true,"statusBarVisible":true}