{"accentThemeId":103,"bottomSheetFullScreen":false,"bottomSheetLayout":null,"bottomSheetMarginTop":0,"bottomSheetPeekHeight":0,"lastViewIndex":26,"layout":{"children":[{"children":null,"properties":{"RECYCLER_VIEW_ITEM_COUNT":38,"LAYOUT_MIN_WIDTH":0,"OUTLINE_CLIP_TO_PADDING":false,"BACKGROUND_COLOR":["com.crane.mockapp.core.model.theme.ThemeModelColor","TRANSPARENT"],"LAYOUT_BEHAVIOR":"com.crane.mockapp.core.FixedScrollingViewBehavior","FITS_SYSTEM_WINDOWS_TOP":false,"VIEW_ID":"Recycler10","RECYCLER_VIEW_ITEM_LAYOUT":{"@class":"com.crane.mockapp.core.model.layouts.PropLayoutValue","projectId":"c2a722f2-772d-40a4-bdd1-4b30e0810f0c","layoutId":"545d7226-92c4-4b5a-a8c7-28e3c9ad9b16"},"FITS_SYSTEM_WINDOWS_BOTTOM":true,"FITS_SYSTEM_WINDOWS":false,"OUTLINE_ENABLED":true,"LAYOUT_WIDTH":-1,"LAYOUT_HEIGHT":-1,"OUTLINE_CLIP_TO_OUTLINE":true,"VIEW_CLASS_NAME":"androidx.recyclerview.widget.RecyclerView","RECYCLER_VIEW_LAYOUT_SPANS":1,"LAYOUT_MIN_HEIGHT":0}},{"children":[{"children":[{"children":[{"children":[{"children":[{"children":null,"properties":{"TEXT_COLOR":["com.crane.mockapp.core.model.theme.ThemeModelColor","TEXT_SECONDARY"],"TEXT_COLOR_HINT":["com.crane.mockapp.core.model.theme.ThemeModelColorHint","AUTO"],"TEXT_SIZE":18,"TEXT_MAX_LINES":20,"LAYOUT_MIN_WIDTH":0,"BACKGROUND_COLOR":["com.crane.mockapp.core.model.theme.ThemeModelColor","TRANSPARENT"],"FITS_SYSTEM_WINDOWS_TOP":false,"VIEW_ID":"Text26","FITS_SYSTEM_WINDOWS_BOTTOM":false,"FITS_SYSTEM_WINDOWS":false,"LAYOUT_WIDTH":-2,"LAYOUT_HEIGHT":-2,"TEXT":"a-la Gmail ;)","VIEW_CLASS_NAME":"android.widget.TextView","TEXT_FONT_FAMILY":"Open Sans","LAYOUT_MIN_HEIGHT":0,"LAYOUT_GRAVITY":8388627,"TEXT_MIN_LINES":1}},{"children":null,"properties":{"LAYOUT_WEIGHT":1,"VIEW_CLASS_NAME":"android.view.View","LAYOUT_MIN_WIDTH":0,"BACKGROUND_COLOR":["com.crane.mockapp.core.model.theme.ThemeModelColor","TRANSPARENT"],"FITS_SYSTEM_WINDOWS_TOP":false,"LAYOUT_MIN_HEIGHT":0,"VIEW_ID":"View25","FITS_SYSTEM_WINDOWS_BOTTOM":false,"FITS_SYSTEM_WINDOWS":false,"LAYOUT_WIDTH":0,"LAYOUT_HEIGHT":16}},{"children":null,"properties":{"ELEVATION":6,"FITS_SYSTEM_WINDOWS_TOP":false,"VIEW_ID":"Image24","FITS_SYSTEM_WINDOWS_BOTTOM":false,"FITS_SYSTEM_WINDOWS":false,"ICON_DRAWABLE":"gmd_person","OUTLINE_ENABLED":true,"ICON_COLOR":["com.crane.mockapp.core.model.theme.ThemeModelColor","ICON_ACTIVE"],"LAYOUT_MARGIN_TOP":0,"PADDING_TOP":8,"VIEW_CLASS_NAME":"android.widget.ImageView","PADDING_START":8,"LAYOUT_MIN_HEIGHT":0,"LAYOUT_MARGIN_BOTTOM":0,"LAYOUT_MARGIN_END":8,"LAYOUT_GRAVITY":8388627,"OUTLINE_RADIUS":16,"ICON_SIZE":16,"LAYOUT_MIN_WIDTH":0,"PADDING_END":8,"BACKGROUND_COLOR":["com.crane.mockapp.core.model.theme.ThemeModelColor","White"],"LAYOUT_WIDTH":32,"IMAGE_SCALE_TYPE":["android.widget.ImageView$ScaleType","FIT_XY"],"LAYOUT_HEIGHT":32,"ICON_COLOR_HINT":["com.crane.mockapp.core.model.theme.ThemeModelColorHint","AUTO"],"OUTLINE_CLIP_TO_OUTLINE":true,"PADDING_BOTTOM":8,"LAYOUT_MARGIN_START":0}}],"properties":{"VIEW_CLASS_NAME":"android.widget.LinearLayout","LAYOUT_MIN_WIDTH":0,"OUTLINE_CLIP_TO_PADDING":false,"BACKGROUND_COLOR":["com.crane.mockapp.core.model.theme.ThemeModelColor","TRANSPARENT"],"FITS_SYSTEM_WINDOWS_TOP":false,"LAYOUT_MIN_HEIGHT":0,"VIEW_ID":"Linear20","FITS_SYSTEM_WINDOWS_BOTTOM":false,"FITS_SYSTEM_WINDOWS":false,"LAYOUT_WIDTH":-1,"LAYOUT_HEIGHT":-1,"LAYOUT_ORIENTATION":0}}],"properties":{"VIEW_CLASS_NAME":"android.widget.LinearLayout","LAYOUT_MIN_WIDTH":0,"OUTLINE_CLIP_TO_PADDING":false,"BACKGROUND_COLOR":["com.crane.mockapp.core.model.theme.ThemeModelColor","TRANSPARENT"],"FITS_SYSTEM_WINDOWS_TOP":false,"LAYOUT_MIN_HEIGHT":0,"VIEW_ID":"Linear14","FITS_SYSTEM_WINDOWS_BOTTOM":false,"FITS_SYSTEM_WINDOWS":false,"LAYOUT_WIDTH":-1,"LAYOUT_HEIGHT":-1,"LAYOUT_ORIENTATION":1}}],"properties":{"ELEVATION":6,"FITS_SYSTEM_WINDOWS_TOP":false,"VIEW_ID":"Toolbar13","FITS_SYSTEM_WINDOWS_BOTTOM":false,"FITS_SYSTEM_WINDOWS":false,"OUTLINE_ENABLED":true,"LAYOUT_MARGIN_TOP":8,"ON_CLICK":{"@class":"com.crane.mockapp.core.model.layouts.PropEventOpenDrawer","empty":false},"VIEW_CLASS_NAME":"androidx.appcompat.widget.Toolbar","TOOLBAR_ACTION_TEXT_COLOR":["com.crane.mockapp.core.model.theme.ThemeModelColor","TEXT_SECONDARY"],"LAYOUT_MIN_HEIGHT":56,"LAYOUT_MARGIN_BOTTOM":0,"LAYOUT_MARGIN_END":16,"OUTLINE_RADIUS":20,"NAV_ICON_DRAWABLE":"gmd_menu","LAYOUT_MIN_WIDTH":24,"OUTLINE_CLIP_TO_PADDING":false,"BACKGROUND_COLOR":["com.crane.mockapp.core.model.theme.ThemeModelColor","White"],"TOOLBAR_TITLE_TEXT_COLOR":["com.crane.mockapp.core.model.theme.ThemeModelColor","TEXT_PRIMARY"],"TOOLBAR_ACTION_ICON_COLOR":["com.crane.mockapp.core.model.theme.ThemeModelColor","TEXT_SECONDARY"],"LAYOUT_WIDTH":-1,"LAYOUT_HEIGHT":56,"OUTLINE_CLIP_TO_OUTLINE":true,"LAYOUT_MARGIN_START":16,"TOOLBAR_SUBTITLE_TEXT_COLOR":["com.crane.mockapp.core.model.theme.ThemeModelColor","TEXT_SECONDARY"]}}],"properties":{"VIEW_CLASS_NAME":"android.widget.FrameLayout","SCROLL_FLAGS":53,"LAYOUT_MIN_WIDTH":0,"OUTLINE_CLIP_TO_PADDING":false,"BACKGROUND_COLOR":["com.crane.mockapp.core.model.theme.ThemeModelColor","TRANSPARENT"],"FITS_SYSTEM_WINDOWS_TOP":true,"LAYOUT_MIN_HEIGHT":0,"VIEW_ID":"Frame11","FITS_SYSTEM_WINDOWS_BOTTOM":false,"FITS_SYSTEM_WINDOWS":false,"LAYOUT_WIDTH":-1,"LAYOUT_HEIGHT":-2}}],"properties":{"APPBAR_LIFTED":false,"LAYOUT_MIN_WIDTH":0,"OUTLINE_CLIP_TO_PADDING":false,"BACKGROUND_COLOR":["com.crane.mockapp.core.model.theme.ThemeModelColor","TRANSPARENT"],"FITS_SYSTEM_WINDOWS_TOP":false,"VIEW_ID":"AppBarLayout2","FITS_SYSTEM_WINDOWS_BOTTOM":false,"FITS_SYSTEM_WINDOWS":false,"APPBAR_LIFTABLE":false,"LAYOUT_WIDTH":-1,"LAYOUT_HEIGHT":-2,"VIEW_CLASS_NAME":"com.crane.mockapp.core.AppBarLayout","LAYOUT_MIN_HEIGHT":0}}],"properties":{"VIEW_CLASS_NAME":"androidx.coordinatorlayout.widget.CoordinatorLayout","LAYOUT_MIN_WIDTH":0,"OUTLINE_CLIP_TO_PADDING":false,"BACKGROUND_COLOR":["com.crane.mockapp.core.model.theme.ThemeModelColor","TRANSPARENT"],"FITS_SYSTEM_WINDOWS_TOP":false,"LAYOUT_MIN_HEIGHT":0,"VIEW_ID":"Coordinator1","FITS_SYSTEM_WINDOWS_BOTTOM":false,"FITS_SYSTEM_WINDOWS":false,"LAYOUT_WIDTH":-1,"LAYOUT_HEIGHT":-1}},"layoutFullScreen":true,"navBarColor":"White","navBarColorAlpha":90,"navBarLight":true,"navDrawerLayout":{"projectId":"68ed74d9-0e4d-4f57-b86c-68bd6d9ca248","layoutId":"c4faf12d-c998-4ae8-83fd-cfa7bed979bc"},"onBottomSheetCollapsed":null,"onBottomSheetExpanded":null,"primaryThemeId":108,"statusBarColor":"White","statusBarColorAlpha":90,"statusBarLight":true,"statusBarVisible":true}