{"accentThemeId":103,"bottomSheetFullScreen":false,"bottomSheetLayout":null,"bottomSheetMarginTop":0,"bottomSheetPeekHeight":0,"lastViewIndex":13,"layout":{"children":[{"children":null,"properties":{"OUTLINE_ENABLED":true,"FITS_SYSTEM_WINDOWS_TOP":true,"LAYOUT_MIN_HEIGHT":0,"LAYOUT_HEIGHT":-1,"FITS_SYSTEM_WINDOWS":true,"FITS_SYSTEM_WINDOWS_BOTTOM":true,"LAYOUT_MIN_WIDTH":0,"OUTLINE_CLIP_TO_OUTLINE":true,"BACKGROUND_COLOR":["com.crane.mockapp.core.model.theme.ThemeModelColor","TRANSPARENT"],"RECYCLER_VIEW_LAYOUT_SPANS":1,"OUTLINE_CLIP_TO_PADDING":true,"VIEW_CLASS_NAME":"androidx.recyclerview.widget.RecyclerView","RECYCLER_VIEW_ITEM_COUNT":18,"RECYCLER_VIEW_ITEM_LAYOUT":{"@class":"com.crane.mockapp.core.model.layouts.PropLayoutValue","projectId":"c2a722f2-772d-40a4-bdd1-4b30e0810f0c","layoutId":"e8ea144d-3fe5-421d-96f2-f0a107239a7c"},"VIEW_ID":"Recycler13","LAYOUT_WIDTH":-1}}],"properties":{"FITS_SYSTEM_WINDOWS_TOP":false,"SWIPE_REFRESH_COLOR_3":["com.crane.mockapp.core.model.theme.ThemeModelColor","TRANSPARENT"],"SWIPE_REFRESH_COLOR_4":["com.crane.mockapp.core.model.theme.ThemeModelColor","TRANSPARENT"],"LAYOUT_MIN_HEIGHT":0,"LAYOUT_HEIGHT":-1,"FITS_SYSTEM_WINDOWS":false,"FITS_SYSTEM_WINDOWS_BOTTOM":false,"SWIPE_REFRESH_PROGRESS_BG_COLOR":["com.crane.mockapp.core.model.theme.ThemeModelColor","White"],"LAYOUT_MIN_WIDTH":0,"BACKGROUND_COLOR":["com.crane.mockapp.core.model.theme.ThemeModelColor","TRANSPARENT"],"OUTLINE_CLIP_TO_PADDING":false,"VIEW_CLASS_NAME":"androidx.swiperefreshlayout.widget.SwipeRefreshLayout","SWIPE_REFRESH_COLOR_1":["com.crane.mockapp.core.model.theme.ThemeModelColor","A700"],"SWIPE_REFRESH_COLOR_2":["com.crane.mockapp.core.model.theme.ThemeModelColor","TRANSPARENT"],"VIEW_ID":"SwipeRefreshLayout12","LAYOUT_WIDTH":-1}},"layoutFullScreen":true,"navBarColor":"White","navBarColorAlpha":90,"navBarLight":true,"navDrawerLayout":null,"onBottomSheetCollapsed":null,"onBottomSheetExpanded":null,"primaryThemeId":108,"statusBarColor":"White","statusBarColorAlpha":90,"statusBarLight":true,"statusBarVisible":true}