{"accentThemeId":103,"bottomSheetFullScreen":false,"bottomSheetLayout":null,"bottomSheetMarginTop":0,"bottomSheetPeekHeight":0,"lastViewIndex":18,"layout":{"children":[{"children":null,"properties":{"FITS_SYSTEM_WINDOWS_TOP":false,"LAYOUT_MIN_HEIGHT":0,"LAYOUT_HEIGHT":-1,"FITS_SYSTEM_WINDOWS":true,"RECYCLER_VIEW_LAYOUT_SPANS":1,"FITS_SYSTEM_WINDOWS_BOTTOM":true,"LAYOUT_MIN_WIDTH":0,"BACKGROUND_COLOR":["com.crane.mockapp.core.model.theme.ThemeModelColor","TRANSPARENT"],"OUTLINE_CLIP_TO_PADDING":false,"VIEW_CLASS_NAME":"androidx.recyclerview.widget.RecyclerView","RECYCLER_VIEW_ITEM_COUNT":57,"RECYCLER_VIEW_ITEM_LAYOUT":{"@class":"com.crane.mockapp.core.model.layouts.PropLayoutValue","projectId":"c2a722f2-772d-40a4-bdd1-4b30e0810f0c","layoutId":"e8ea144d-3fe5-421d-96f2-f0a107239a7c"},"LAYOUT_BEHAVIOR":"com.crane.mockapp.core.FixedScrollingViewBehavior","VIEW_ID":"Recycler18","LAYOUT_WIDTH":-1}},{"children":[{"children":[{"children":null,"properties":{"FITS_SYSTEM_WINDOWS_TOP":false,"TEXT_COLOR":["com.crane.mockapp.core.model.theme.ThemeModelColor","TEXT_PRIMARY"],"LAYOUT_MIN_HEIGHT":0,"LAYOUT_HEIGHT":-2,"TEXT":"Text11","FITS_SYSTEM_WINDOWS":false,"FITS_SYSTEM_WINDOWS_BOTTOM":false,"LAYOUT_MIN_WIDTH":0,"BACKGROUND_COLOR":["com.crane.mockapp.core.model.theme.ThemeModelColor","TRANSPARENT"],"TEXT_MIN_LINES":1,"VIEW_CLASS_NAME":"android.widget.TextView","TEXT_MAX_LINES":20,"TEXT_COLOR_HINT":["com.crane.mockapp.core.model.theme.ThemeModelColorHint","AUTO"],"VIEW_ID":"Text11","LAYOUT_WIDTH":-2}},{"children":null,"properties":{"FITS_SYSTEM_WINDOWS_TOP":false,"TEXT_COLOR":["com.crane.mockapp.core.model.theme.ThemeModelColor","TEXT_PRIMARY"],"LAYOUT_MIN_HEIGHT":0,"LAYOUT_HEIGHT":-2,"TEXT":"Text12","FITS_SYSTEM_WINDOWS":false,"FITS_SYSTEM_WINDOWS_BOTTOM":false,"LAYOUT_MIN_WIDTH":0,"BACKGROUND_COLOR":["com.crane.mockapp.core.model.theme.ThemeModelColor","TRANSPARENT"],"TEXT_MIN_LINES":1,"VIEW_CLASS_NAME":"android.widget.TextView","TEXT_MAX_LINES":20,"TEXT_COLOR_HINT":["com.crane.mockapp.core.model.theme.ThemeModelColorHint","AUTO"],"VIEW_ID":"Text12","LAYOUT_WIDTH":-2}},{"children":null,"properties":{"FITS_SYSTEM_WINDOWS_TOP":false,"TEXT_COLOR":["com.crane.mockapp.core.model.theme.ThemeModelColor","TEXT_PRIMARY"],"LAYOUT_MIN_HEIGHT":0,"LAYOUT_HEIGHT":-2,"TEXT":"Text13","FITS_SYSTEM_WINDOWS":false,"FITS_SYSTEM_WINDOWS_BOTTOM":false,"LAYOUT_MIN_WIDTH":0,"BACKGROUND_COLOR":["com.crane.mockapp.core.model.theme.ThemeModelColor","TRANSPARENT"],"TEXT_MIN_LINES":1,"VIEW_CLASS_NAME":"android.widget.TextView","TEXT_MAX_LINES":20,"TEXT_COLOR_HINT":["com.crane.mockapp.core.model.theme.ThemeModelColorHint","AUTO"],"VIEW_ID":"Text13","LAYOUT_WIDTH":-2}}],"properties":{"FITS_SYSTEM_WINDOWS_TOP":true,"OUTLINE_CLIP_TO_PADDING":false,"LAYOUT_MIN_HEIGHT":0,"VIEW_CLASS_NAME":"android.widget.LinearLayout","LAYOUT_HEIGHT":-1,"LAYOUT_ORIENTATION":1,"FITS_SYSTEM_WINDOWS":true,"FITS_SYSTEM_WINDOWS_BOTTOM":false,"LAYOUT_MIN_WIDTH":0,"VIEW_ID":"Linear10","BACKGROUND_COLOR":["com.crane.mockapp.core.model.theme.ThemeModelColor","Orange"],"LAYOUT_WIDTH":-1}},{"children":[{"children":null,"properties":{"FITS_SYSTEM_WINDOWS_TOP":false,"TEXT_COLOR":["com.crane.mockapp.core.model.theme.ThemeModelColor","TEXT_PRIMARY"],"LAYOUT_MIN_HEIGHT":0,"LAYOUT_HEIGHT":-2,"TEXT":"Text15","FITS_SYSTEM_WINDOWS":false,"FITS_SYSTEM_WINDOWS_BOTTOM":false,"LAYOUT_MIN_WIDTH":0,"BACKGROUND_COLOR":["com.crane.mockapp.core.model.theme.ThemeModelColor","TRANSPARENT"],"TEXT_MIN_LINES":1,"VIEW_CLASS_NAME":"android.widget.TextView","TEXT_MAX_LINES":20,"TEXT_COLOR_HINT":["com.crane.mockapp.core.model.theme.ThemeModelColorHint","AUTO"],"VIEW_ID":"Text15","LAYOUT_WIDTH":-2}},{"children":null,"properties":{"FITS_SYSTEM_WINDOWS_TOP":false,"TEXT_COLOR":["com.crane.mockapp.core.model.theme.ThemeModelColor","TEXT_PRIMARY"],"LAYOUT_MIN_HEIGHT":0,"LAYOUT_HEIGHT":-2,"TEXT":"Text16","FITS_SYSTEM_WINDOWS":false,"FITS_SYSTEM_WINDOWS_BOTTOM":false,"LAYOUT_MIN_WIDTH":0,"BACKGROUND_COLOR":["com.crane.mockapp.core.model.theme.ThemeModelColor","TRANSPARENT"],"TEXT_MIN_LINES":1,"VIEW_CLASS_NAME":"android.widget.TextView","TEXT_MAX_LINES":20,"TEXT_COLOR_HINT":["com.crane.mockapp.core.model.theme.ThemeModelColorHint","AUTO"],"VIEW_ID":"Text16","LAYOUT_WIDTH":-2}},{"children":null,"properties":{"FITS_SYSTEM_WINDOWS_TOP":false,"TEXT_COLOR":["com.crane.mockapp.core.model.theme.ThemeModelColor","TEXT_PRIMARY"],"LAYOUT_MIN_HEIGHT":0,"LAYOUT_HEIGHT":-2,"TEXT":"Text17","FITS_SYSTEM_WINDOWS":false,"FITS_SYSTEM_WINDOWS_BOTTOM":false,"LAYOUT_MIN_WIDTH":0,"BACKGROUND_COLOR":["com.crane.mockapp.core.model.theme.ThemeModelColor","TRANSPARENT"],"TEXT_MIN_LINES":1,"VIEW_CLASS_NAME":"android.widget.TextView","TEXT_MAX_LINES":20,"TEXT_COLOR_HINT":["com.crane.mockapp.core.model.theme.ThemeModelColorHint","AUTO"],"VIEW_ID":"Text17","LAYOUT_WIDTH":-2}}],"properties":{"FITS_SYSTEM_WINDOWS_TOP":true,"LAYOUT_MIN_HEIGHT":0,"LAYOUT_HEIGHT":-1,"FITS_SYSTEM_WINDOWS":true,"FITS_SYSTEM_WINDOWS_BOTTOM":false,"LAYOUT_MIN_WIDTH":0,"BACKGROUND_COLOR":["com.crane.mockapp.core.model.theme.ThemeModelColor","Lime"],"OUTLINE_CLIP_TO_PADDING":false,"SCROLL_FLAGS":5,"VIEW_CLASS_NAME":"android.widget.LinearLayout","LAYOUT_ORIENTATION":1,"VIEW_ID":"Linear14","LAYOUT_WIDTH":-1}}],"properties":{"FITS_SYSTEM_WINDOWS_TOP":false,"LAYOUT_MIN_HEIGHT":0,"LAYOUT_HEIGHT":-2,"FITS_SYSTEM_WINDOWS":false,"FITS_SYSTEM_WINDOWS_BOTTOM":false,"LAYOUT_MIN_WIDTH":0,"APPBAR_LIFTABLE":false,"BACKGROUND_COLOR":["com.crane.mockapp.core.model.theme.ThemeModelColor","DeepPink"],"OUTLINE_CLIP_TO_PADDING":false,"VIEW_CLASS_NAME":"com.crane.mockapp.core.AppBarLayout","APPBAR_LIFTED":false,"VIEW_ID":"AppBarLayout2","LAYOUT_WIDTH":-1}}],"properties":{"FITS_SYSTEM_WINDOWS_TOP":false,"OUTLINE_CLIP_TO_PADDING":false,"LAYOUT_MIN_HEIGHT":0,"VIEW_CLASS_NAME":"androidx.coordinatorlayout.widget.CoordinatorLayout","LAYOUT_HEIGHT":-1,"FITS_SYSTEM_WINDOWS":false,"FITS_SYSTEM_WINDOWS_BOTTOM":false,"LAYOUT_MIN_WIDTH":0,"VIEW_ID":"Coordinator1","BACKGROUND_COLOR":["com.crane.mockapp.core.model.theme.ThemeModelColor","TRANSPARENT"],"LAYOUT_WIDTH":-1}},"layoutFullScreen":true,"navBarColor":"White","navBarColorAlpha":85,"navBarLight":true,"navDrawerLayout":null,"onBottomSheetCollapsed":null,"onBottomSheetExpanded":null,"primaryThemeId":108,"statusBarColor":"White","statusBarColorAlpha":85,"statusBarLight":true,"statusBarVisible":true}