{"accentThemeId":103,"bottomSheetFullScreen":false,"bottomSheetLayout":null,"bottomSheetMarginTop":0,"bottomSheetPeekHeight":0,"lastViewIndex":15,"layout":{"children":[{"children":null,"properties":{"RECYCLER_VIEW_ITEM_COUNT":34,"LAYOUT_MIN_WIDTH":0,"OUTLINE_CLIP_TO_PADDING":false,"BACKGROUND_COLOR":["com.crane.mockapp.core.model.theme.ThemeModelColor","TRANSPARENT"],"LAYOUT_BEHAVIOR":"com.crane.mockapp.core.FixedScrollingViewBehavior","FITS_SYSTEM_WINDOWS_TOP":false,"VIEW_ID":"Recycler10","RECYCLER_VIEW_ITEM_LAYOUT":{"@class":"com.crane.mockapp.core.model.layouts.PropLayoutValue","projectId":"c2a722f2-772d-40a4-bdd1-4b30e0810f0c","layoutId":"8bd120dd-de2a-4945-bf46-92c4a625a24a"},"FITS_SYSTEM_WINDOWS_BOTTOM":true,"FITS_SYSTEM_WINDOWS":false,"LAYOUT_WIDTH":-1,"LAYOUT_HEIGHT":-1,"VIEW_CLASS_NAME":"androidx.recyclerview.widget.RecyclerView","RECYCLER_VIEW_LAYOUT_SPANS":1,"LAYOUT_MIN_HEIGHT":0}},{"children":[{"children":null,"properties":{"ICON_SIZE":24,"LAYOUT_MIN_WIDTH":0,"BACKGROUND_COLOR":["com.crane.mockapp.core.model.theme.ThemeModelColor","TRANSPARENT"],"FITS_SYSTEM_WINDOWS_TOP":false,"VIEW_ID":"Image12","IMAGE_DRAWABLE":"68ed74d9-0e4d-4f57-b86c-68bd6d9ca248/photo_country_full4.jpg","FITS_SYSTEM_WINDOWS_BOTTOM":false,"FITS_SYSTEM_WINDOWS":false,"OUTLINE_ENABLED":true,"LAYOUT_WIDTH":-1,"ICON_COLOR":["com.crane.mockapp.core.model.theme.ThemeModelColor","ICON_ACTIVE"],"IMAGE_SCALE_TYPE":["android.widget.ImageView$ScaleType","CENTER_CROP"],"LAYOUT_HEIGHT":200,"ICON_COLOR_HINT":["com.crane.mockapp.core.model.theme.ThemeModelColorHint","AUTO"],"OUTLINE_CLIP_TO_OUTLINE":true,"VIEW_CLASS_NAME":"android.widget.ImageView","SCROLL_FLAGS":3,"LAYOUT_MIN_HEIGHT":0}}],"properties":{"APPBAR_LIFTED":false,"LAYOUT_MIN_WIDTH":0,"OUTLINE_CLIP_TO_PADDING":false,"BACKGROUND_COLOR":["com.crane.mockapp.core.model.theme.ThemeModelColor","TRANSPARENT"],"FITS_SYSTEM_WINDOWS_TOP":false,"VIEW_ID":"AppBarLayout2","FITS_SYSTEM_WINDOWS_BOTTOM":false,"FITS_SYSTEM_WINDOWS":false,"APPBAR_LIFTABLE":false,"LAYOUT_WIDTH":-1,"LAYOUT_HEIGHT":-2,"VIEW_CLASS_NAME":"com.crane.mockapp.core.AppBarLayout","LAYOUT_MIN_HEIGHT":0}},{"children":[{"children":[{"children":null,"properties":{"TEXT":"Item4","VIEW_CLASS_NAME":"com.crane.mockapp.core.MockApp$MenuItem","LAYOUT_MIN_WIDTH":0,"BACKGROUND_COLOR":["com.crane.mockapp.core.model.theme.ThemeModelColor","TRANSPARENT"],"LAYOUT_MIN_HEIGHT":0,"VIEW_ID":"Item4","LAYOUT_WIDTH":-2,"LAYOUT_HEIGHT":-2,"ACTION_ICON_DRAWABLE":"gmd_airplanemode_active"}}],"properties":{"NAV_ICON_DRAWABLE":"gmd_close","LAYOUT_MIN_WIDTH":24,"ELEVATION":8,"OUTLINE_CLIP_TO_PADDING":false,"BACKGROUND_COLOR":["com.crane.mockapp.core.model.theme.ThemeModelColor","Black"],"TOOLBAR_TITLE_TEXT_COLOR":["com.crane.mockapp.core.model.theme.ThemeModelColor","TEXT_PRIMARY"],"FITS_SYSTEM_WINDOWS_TOP":false,"VIEW_ID":"Toolbar15","FITS_SYSTEM_WINDOWS_BOTTOM":false,"FITS_SYSTEM_WINDOWS":false,"TOOLBAR_ACTION_ICON_COLOR":["com.crane.mockapp.core.model.theme.ThemeModelColor","ICON_ACTIVE"],"LAYOUT_WIDTH":-1,"LAYOUT_HEIGHT":56,"BACKGROUND_ALPHA":15,"VIEW_CLASS_NAME":"androidx.appcompat.widget.Toolbar","TOOLBAR_SUBTITLE_TEXT_COLOR":["com.crane.mockapp.core.model.theme.ThemeModelColor","TEXT_SECONDARY"],"TOOLBAR_ACTION_TEXT_COLOR":["com.crane.mockapp.core.model.theme.ThemeModelColor","TEXT_PRIMARY"],"LAYOUT_MIN_HEIGHT":56}}],"properties":{"VIEW_CLASS_NAME":"android.widget.FrameLayout","LAYOUT_MIN_WIDTH":0,"OUTLINE_CLIP_TO_PADDING":false,"BACKGROUND_COLOR":["com.crane.mockapp.core.model.theme.ThemeModelColor","TRANSPARENT"],"FITS_SYSTEM_WINDOWS_TOP":true,"LAYOUT_MIN_HEIGHT":0,"VIEW_ID":"Frame13","FITS_SYSTEM_WINDOWS_BOTTOM":false,"FITS_SYSTEM_WINDOWS":false,"LAYOUT_WIDTH":-1,"LAYOUT_HEIGHT":-2}}],"properties":{"VIEW_CLASS_NAME":"androidx.coordinatorlayout.widget.CoordinatorLayout","LAYOUT_MIN_WIDTH":0,"OUTLINE_CLIP_TO_PADDING":false,"BACKGROUND_COLOR":["com.crane.mockapp.core.model.theme.ThemeModelColor","TRANSPARENT"],"FITS_SYSTEM_WINDOWS_TOP":false,"LAYOUT_MIN_HEIGHT":0,"VIEW_ID":"Coordinator1","FITS_SYSTEM_WINDOWS_BOTTOM":false,"FITS_SYSTEM_WINDOWS":false,"LAYOUT_WIDTH":-1,"LAYOUT_HEIGHT":-1}},"layoutFullScreen":true,"navBarColor":"Black","navBarColorAlpha":15,"navBarLight":false,"navDrawerLayout":null,"onBottomSheetCollapsed":null,"onBottomSheetExpanded":null,"primaryThemeId":108,"statusBarColor":"Black","statusBarColorAlpha":15,"statusBarLight":false,"statusBarVisible":true}