{"accentThemeId":103,"bottomSheetFullScreen":false,"bottomSheetLayout":null,"bottomSheetMarginTop":0,"bottomSheetPeekHeight":0,"lastViewIndex":3,"layout":{"children":[{"children":[{"children":null,"properties":{"IMAGE_SCALE_TYPE":["android.widget.ImageView$ScaleType","CENTER_CROP"],"LAYOUT_MIN_HEIGHT":24,"VIEW_CLASS_NAME":"android.widget.ImageView","LAYOUT_HEIGHT":-2,"ICON_COLOR":["com.crane.mockapp.core.model.theme.ThemeModelColor","ICON_ACTIVE"],"IMAGE_DRAWABLE":"b04abfa8-524b-488a-b61f-7fcf9ff37222/l.png","LAYOUT_MIN_WIDTH":24,"VIEW_ID":"ImageView_1","ICON_SIZE":24,"BACKGROUND_COLOR":["com.crane.mockapp.core.model.theme.ThemeModelColor","TRANSPARENT"],"LAYOUT_WIDTH":-1}},{"children":[{"children":[{"children":null,"properties":{"OUTLINE_ENABLED":true,"LAYOUT_MARGIN_BOTTOM":0,"LAYOUT_MARGIN_TOP":0,"OUTLINE_OFFSET":0,"LAYOUT_MIN_HEIGHT":24,"LAYOUT_HEIGHT":56,"ICON_COLOR":["com.crane.mockapp.core.model.theme.ThemeModelColor","ICON_ACTIVE"],"LAYOUT_MARGIN_END":0,"LAYOUT_MIN_WIDTH":24,"OUTLINE_CLIP_TO_OUTLINE":true,"BACKGROUND_COLOR":["com.crane.mockapp.core.model.theme.ThemeModelColor","White"],"LAYOUT_GRAVITY":8388627,"ICON_SIZE":24,"LAYOUT_MARGIN_START":0,"ELEVATION":8,"VIEW_CLASS_NAME":"android.widget.ImageView","OUTLINE_RADIUS":29,"IMAGE_DRAWABLE":"c2a722f2-772d-40a4-bdd1-4b30e0810f0c/h.png","VIEW_ID":"AvatarLarge_8","LAYOUT_WIDTH":56}},{"children":null,"properties":{"LAYOUT_MIN_HEIGHT":24,"VIEW_CLASS_NAME":"android.view.View","LAYOUT_HEIGHT":-1,"LAYOUT_WEIGHT":1,"LAYOUT_MIN_WIDTH":24,"VIEW_ID":"View_9","BACKGROUND_COLOR":["com.crane.mockapp.core.model.theme.ThemeModelColor","TRANSPARENT"],"LAYOUT_WIDTH":0}},{"children":null,"properties":{"OUTLINE_ENABLED":true,"LAYOUT_MARGIN_BOTTOM":0,"LAYOUT_MARGIN_TOP":0,"OUTLINE_OFFSET":0,"LAYOUT_MIN_HEIGHT":24,"LAYOUT_HEIGHT":40,"ICON_COLOR":["com.crane.mockapp.core.model.theme.ThemeModelColor","ICON_ACTIVE"],"LAYOUT_MARGIN_END":0,"LAYOUT_MIN_WIDTH":24,"OUTLINE_CLIP_TO_OUTLINE":true,"BACKGROUND_COLOR":["com.crane.mockapp.core.model.theme.ThemeModelColor","White"],"LAYOUT_GRAVITY":8388659,"ICON_SIZE":24,"LAYOUT_MARGIN_START":0,"ELEVATION":8,"VIEW_CLASS_NAME":"android.widget.ImageView","OUTLINE_RADIUS":20,"IMAGE_DRAWABLE":"c2a722f2-772d-40a4-bdd1-4b30e0810f0c/h.png","VIEW_ID":"AvatarSmall_10","LAYOUT_WIDTH":40}}],"properties":{"OUTLINE_CLIP_TO_PADDING":false,"LAYOUT_MIN_HEIGHT":24,"VIEW_CLASS_NAME":"android.widget.LinearLayout","LAYOUT_HEIGHT":-2,"LAYOUT_ORIENTATION":0,"LAYOUT_MIN_WIDTH":24,"VIEW_ID":"LinearLayout_3","BACKGROUND_COLOR":["com.crane.mockapp.core.model.theme.ThemeModelColor","TRANSPARENT"],"LAYOUT_WIDTH":-1}},{"children":[{"children":[{"children":null,"properties":{"TEXT_COLOR":["com.crane.mockapp.core.model.theme.ThemeModelColor","TEXT_PRIMARY"],"LAYOUT_MIN_HEIGHT":0,"VIEW_CLASS_NAME":"android.widget.TextView","LAYOUT_HEIGHT":-2,"TEXT":"Jonathan Lee","TEXT_MAX_LINES":30,"LAYOUT_MIN_WIDTH":24,"TEXT_STYLE":1,"VIEW_ID":"TextView_13","BACKGROUND_COLOR":["com.crane.mockapp.core.model.theme.ThemeModelColor","TRANSPARENT"],"LAYOUT_WIDTH":-2,"TEXT_MIN_LINES":1}},{"children":[{"children":null,"properties":{"TEXT_COLOR":["com.crane.mockapp.core.model.theme.ThemeModelColor","TEXT_PRIMARY"],"LAYOUT_MIN_HEIGHT":0,"VIEW_CLASS_NAME":"android.widget.TextView","LAYOUT_HEIGHT":-2,"TEXT":"heyfromjonathan@gmail.com","TEXT_MAX_LINES":30,"LAYOUT_MIN_WIDTH":24,"VIEW_ID":"TextView_6","BACKGROUND_COLOR":["com.crane.mockapp.core.model.theme.ThemeModelColor","TRANSPARENT"],"LAYOUT_WIDTH":-2,"TEXT_MIN_LINES":1}},{"children":null,"properties":{"LAYOUT_MIN_HEIGHT":24,"VIEW_CLASS_NAME":"android.view.View","LAYOUT_HEIGHT":-1,"LAYOUT_WEIGHT":1,"LAYOUT_MIN_WIDTH":24,"VIEW_ID":"View_11","BACKGROUND_COLOR":["com.crane.mockapp.core.model.theme.ThemeModelColor","TRANSPARENT"],"LAYOUT_WIDTH":0}},{"children":null,"properties":{"ICON_DRAWABLE":"gmd_arrow_drop_down","LAYOUT_MIN_HEIGHT":12,"VIEW_CLASS_NAME":"android.widget.ImageView","LAYOUT_HEIGHT":-2,"ICON_COLOR":["com.crane.mockapp.core.model.theme.ThemeModelColor","ICON_ACTIVE"],"LAYOUT_MIN_WIDTH":12,"VIEW_ID":"ImageView_7","ICON_SIZE":12,"BACKGROUND_COLOR":["com.crane.mockapp.core.model.theme.ThemeModelColor","TRANSPARENT"],"LAYOUT_WIDTH":-2,"LAYOUT_GRAVITY":8388627}}],"properties":{"OUTLINE_CLIP_TO_PADDING":false,"LAYOUT_MIN_HEIGHT":24,"VIEW_CLASS_NAME":"android.widget.LinearLayout","LAYOUT_HEIGHT":-2,"LAYOUT_ORIENTATION":0,"LAYOUT_MIN_WIDTH":24,"VIEW_ID":"LinearLayout_14","BACKGROUND_COLOR":["com.crane.mockapp.core.model.theme.ThemeModelColor","TRANSPARENT"],"LAYOUT_WIDTH":-1}}],"properties":{"OUTLINE_CLIP_TO_PADDING":false,"LAYOUT_MIN_HEIGHT":24,"VIEW_CLASS_NAME":"android.widget.LinearLayout","LAYOUT_HEIGHT":-2,"LAYOUT_ORIENTATION":1,"LAYOUT_MIN_WIDTH":24,"VIEW_ID":"LinearLayout_16","BACKGROUND_COLOR":["com.crane.mockapp.core.model.theme.ThemeModelColor","TRANSPARENT"],"LAYOUT_WIDTH":-1,"LAYOUT_GRAVITY":8388627}}],"properties":{"OUTLINE_CLIP_TO_PADDING":false,"LAYOUT_MIN_HEIGHT":24,"VIEW_CLASS_NAME":"android.widget.FrameLayout","LAYOUT_HEIGHT":56,"LAYOUT_MIN_WIDTH":24,"VIEW_ID":"FrameLayout_15","BACKGROUND_COLOR":["com.crane.mockapp.core.model.theme.ThemeModelColor","TRANSPARENT"],"LAYOUT_WIDTH":-1}}],"properties":{"PADDING_TOP":0,"PADDING_END":16,"LAYOUT_MARGIN_BOTTOM":8,"LAYOUT_MARGIN_TOP":0,"LAYOUT_MIN_HEIGHT":24,"PADDING_START":16,"BACKGROUND_ALPHA":0,"LAYOUT_HEIGHT":-2,"LAYOUT_MARGIN_END":0,"LAYOUT_MIN_WIDTH":24,"BACKGROUND_COLOR":["com.crane.mockapp.core.model.theme.ThemeModelColor","Black"],"LAYOUT_GRAVITY":8388691,"LAYOUT_MARGIN_START":0,"OUTLINE_CLIP_TO_PADDING":false,"PADDING_BOTTOM":0,"VIEW_CLASS_NAME":"android.widget.LinearLayout","LAYOUT_ORIENTATION":1,"VIEW_ID":"LinearLayout_2","LAYOUT_WIDTH":-1}}],"properties":{"OUTLINE_CLIP_TO_PADDING":false,"LAYOUT_MIN_HEIGHT":24,"VIEW_CLASS_NAME":"android.widget.FrameLayout","LAYOUT_HEIGHT":-2,"LAYOUT_MIN_WIDTH":24,"VIEW_ID":"Header_2","BACKGROUND_COLOR":["com.crane.mockapp.core.model.theme.ThemeModelColor","TRANSPARENT"],"LAYOUT_WIDTH":-1}},{"children":null,"properties":{"OUTLINE_ENABLED":true,"FITS_SYSTEM_WINDOWS_TOP":false,"LAYOUT_MIN_HEIGHT":0,"LAYOUT_HEIGHT":-1,"FITS_SYSTEM_WINDOWS":false,"FITS_SYSTEM_WINDOWS_BOTTOM":true,"LAYOUT_MIN_WIDTH":0,"OUTLINE_CLIP_TO_OUTLINE":true,"BACKGROUND_COLOR":["com.crane.mockapp.core.model.theme.ThemeModelColor","TRANSPARENT"],"RECYCLER_VIEW_LAYOUT_SPANS":1,"OUTLINE_CLIP_TO_PADDING":false,"VIEW_CLASS_NAME":"androidx.recyclerview.widget.RecyclerView","RECYCLER_VIEW_ITEM_COUNT":19,"RECYCLER_VIEW_ITEM_LAYOUT":{"@class":"com.crane.mockapp.core.model.layouts.PropLayoutValue","projectId":"c2a722f2-772d-40a4-bdd1-4b30e0810f0c","layoutId":"e8ea144d-3fe5-421d-96f2-f0a107239a7c"},"VIEW_ID":"Recycler3","LAYOUT_WIDTH":-1}}],"properties":{"OUTLINE_CLIP_TO_PADDING":false,"LAYOUT_MIN_HEIGHT":48,"VIEW_CLASS_NAME":"android.widget.LinearLayout","LAYOUT_HEIGHT":-1,"LAYOUT_ORIENTATION":1,"LAYOUT_MIN_WIDTH":48,"VIEW_ID":"Linear1","BACKGROUND_COLOR":["com.crane.mockapp.core.model.theme.ThemeModelColor","TRANSPARENT"],"LAYOUT_WIDTH":-1}},"layoutFullScreen":false,"navBarColor":"P700","navBarColorAlpha":100,"navBarLight":false,"navDrawerLayout":null,"onBottomSheetCollapsed":null,"onBottomSheetExpanded":null,"primaryThemeId":108,"statusBarColor":"P700","statusBarColorAlpha":100,"statusBarLight":false,"statusBarVisible":true}